name,datetime,tempmax,tempmin,temp,feelslikemax,feelslikemin,feelslike,dew,humidity,precip,precipprob,precipcover,preciptype,snow,snowdepth,windgust,windspeed,winddir,sealevelpressure,cloudcover,visibility,solarradiation,solarenergy,uvindex,severerisk,sunrise,sunset,moonphase,conditions,description,icon,stations
santiago de chile,2017-01-01,32,14,22.2,30.1,14,21.8,10.4,51.82,0,,0,,,,,29.5,181.6,,0,9,,,0,,2017-01-01T06:36:49,2017-01-01T20:55:42,0.05,Clear,Clear conditions throughout the day.,clear-day,"SCEL,85574099999"
santiago de chile,2017-01-02,31,16,23.6,29.4,16,23.1,7,37.34,0,,0,,,,35.3,35.3,180,,0,9.3,,,0,,2017-01-02T06:37:35,2017-01-02T20:55:52,0.09,Clear,Clear conditions throughout the day.,wind,"SCEL,85574099999"
santiago de chile,2017-01-03,30,13,21.3,28.2,13,21,6.3,40.08,0,,0,,,,,29.5,182.5,,0,9,,,0,,2017-01-03T06:38:21,2017-01-03T20:55:59,0.13,Clear,Clear conditions throughout the day.,clear-day,"SCEL,85574099999"
santiago de chile,2017-01-04,30,13,20.9,28.4,13,20.5,7.1,44.29,0,,0,,,,,25.9,186.3,,1.2,9.9,,,0,,2017-01-04T06:39:09,2017-01-04T20:56:05,0.18,Clear,Clear conditions throughout the day.,clear-day,"SCEL,85574099999"
santiago de chile,2017-01-05,32,14,23.2,30.1,14,22.7,6,34.63,0,,0,,,,,31.7,200,,0,10,,,0,,2017-01-05T06:39:58,2017-01-05T20:56:09,0.23,Clear,Clear conditions throughout the day.,wind,"SCEL,85574099999"
santiago de chile,2017-01-06,31,14,22.4,29.5,14,22,7.3,39.51,0,,0,,,,,25.9,185.8,,0,10,,,0,,2017-01-06T06:40:47,2017-01-06T20:56:11,0.28,Clear,Clear conditions throughout the day.,clear-day,"SCEL,85574099999"
santiago de chile,2017-01-07,31,15,23.5,29.7,15,23.1,8.6,39.89,0,,0,,,,,25.9,200,,0,9.9,,,0,,2017-01-07T06:41:38,2017-01-07T20:56:11,0.35,Clear,Clear conditions throughout the day.,clear-day,"SCEL,85574099999"
santiago de chile,2017-01-08,31,17,23.4,29.5,17,23,8.8,41.23,0,,0,,,,,33.5,194,,6.4,10,,,0,,2017-01-08T06:42:29,2017-01-08T20:56:10,0.4,Clear,Clear conditions throughout the day.,wind,"SCEL,85574099999"
santiago de chile,2017-01-09,30,17,21.9,28.6,17,21.7,10.3,50.09,0,,0,,,,,27.7,177.4,1011.4,41.5,10,,,0,,2017-01-09T06:43:21,2017-01-09T20:56:06,0.44,Partially cloudy,Partly cloudy throughout the day.,partly-cloudy-day,"SCEL,85580099999,85577099999,SCTB,85574099999"
santiago de chile,2017-01-10,30.5,16.8,22.9,29,16.8,22.7,10.7,47.79,0,,0,,,,,29.5,176.9,1012.8,22.8,10,,,0,,2017-01-10T06:44:14,2017-01-10T20:56:01,0.47,Partially cloudy,Partly cloudy throughout the day.,partly-cloudy-day,"SCEL,85577099999,85574099999"
santiago de chile,2017-01-11,33,14.3,24.2,31.3,14.3,23.6,8.6,40.03,0,,0,,,,,25.9,184,1014.8,0,9.9,,,0,,2017-01-11T06:45:08,2017-01-11T20:55:54,0.49,Clear,Clear conditions throughout the day.,clear-day,"SCEL,85577099999,85574099999"
santiago de chile,2017-01-12,34,16,25.7,31.9,16,25,7.6,33.65,0,,0,,,,,31.7,173.3,1010.3,0,9.6,,,0,,2017-01-12T06:46:03,2017-01-12T20:55:45,0.5,Clear,Clear conditions throughout the day.,wind,"SCEL,85577099999,85574099999"
santiago de chile,2017-01-13,35,18,27,32.8,18,26.1,9,35.84,0,,0,,,,,27.7,180,1010.5,2.4,9.7,,,0,,2017-01-13T06:46:58,2017-01-13T20:55:34,0.51,Clear,Clear conditions throughout the day.,clear-day,"SCEL,85577099999,85574099999"
santiago de chile,2017-01-14,32,17,24.7,30.4,17,24.2,6.7,33.01,0,,0,,,,,33.5,183.9,1009.4,2.8,9.9,,,0,,2017-01-14T06:47:53,2017-01-14T20:55:21,0.53,Clear,Clear conditions throughout the day.,wind,"SCEL,85577099999,85574099999"
santiago de chile,2017-01-15,31,14,22.1,29.1,14,21.6,4.4,34.06,0,,0,,,,,25.9,187.8,1011.4,0,10,,,0,,2017-01-15T06:48:49,2017-01-15T20:55:06,0.56,Clear,Clear conditions throughout the day.,clear-day,"SCEL,85577099999,85574099999"
santiago de chile,2017-01-16,31,13,22.7,29.3,13,22.2,7.7,41.16,0,,0,,,,,29.5,187.5,1013.4,0,9.9,,,0,,2017-01-16T06:49:46,2017-01-16T20:54:50,0.6,Clear,Clear conditions throughout the day.,clear-day,"SCEL,85577099999,85574099999"
santiago de chile,2017-01-17,34,15,25.2,32,15,24.4,9.1,40.3,0,,0,,,,,22.3,171.3,1012.7,1.7,9.7,,,0,,2017-01-17T06:50:43,2017-01-17T20:54:32,0.64,Clear,Clear conditions throughout the day.,clear-day,"SCEL,85577099999,85574099999"
santiago de chile,2017-01-18,35,17,26.3,32.7,17,25.6,6.9,32.04,0,,0,,,,,33.5,226,1010.5,2.4,9.7,,,0,,2017-01-18T06:51:41,2017-01-18T20:54:12,0.69,Clear,Clear conditions throughout the day.,wind,"SCEL,85577099999,85574099999"
santiago de chile,2017-01-19,35,16,25.7,32.6,16,24.8,4.9,28.82,0,,0,,,,,25.9,183.1,1012.2,1.2,8.6,,,0,,2017-01-19T06:52:39,2017-01-19T20:53:50,0.73,Clear,Clear conditions throughout the day.,clear-day,"SCEL,85577099999,85574099999"
santiago de chile,2017-01-20,37,18,27,34.5,18,26,7.4,31.8,0,,0,,,,29.5,33.5,144,1010.9,0,7.4,,,0,,2017-01-20T06:53:37,2017-01-20T20:53:27,0.78,Clear,Clear conditions throughout the day.,wind,"SCEL,85577099999,85574099999"
santiago de chile,2017-01-21,34,18,25.5,33,18,25.1,11,41.73,0,,0,,,,,33.5,170.1,1011.4,0,7.3,,,0,,2017-01-21T06:54:35,2017-01-21T20:53:01,0.83,Clear,Clear conditions throughout the day.,wind,"SCEL,85577099999,SCTB,85574099999"
santiago de chile,2017-01-22,30.3,17,23.4,29.4,17,23.2,11.9,49.76,0,,0,,,,,33.5,173.6,1014.3,0,8.2,,,0,,2017-01-22T06:55:34,2017-01-22T20:52:34,0.87,Clear,Clear conditions throughout the day.,wind,"SCEL,85577099999,85574099999"
santiago de chile,2017-01-23,32,17,23.6,30.1,17,23.2,11.5,51.01,0,,0,,,,,27.7,172.6,1015,0,9.1,,,0,,2017-01-23T06:56:33,2017-01-23T20:52:06,0.91,Clear,Clear conditions throughout the day.,clear-day,"SCEL,85577099999,85574099999"
santiago de chile,2017-01-24,33,16,24.9,31.4,16,24.3,9.8,42.29,0,,0,,,,,25.9,202.2,1013,0,7.7,,,0,,2017-01-24T06:57:32,2017-01-24T20:51:35,0.95,Clear,Clear conditions throughout the day.,clear-day,"SCEL,85577099999,85574099999"
santiago de chile,2017-01-25,37,18,27.4,35.1,18,26.7,10.3,36.94,0,,0,,,,,27.7,197.4,1009.9,2.1,9.7,,,0,,2017-01-25T06:58:31,2017-01-25T20:51:03,0.97,Clear,Clear conditions throughout the day.,clear-day,"SCEL,85577099999,85574099999"
santiago de chile,2017-01-26,33,18.8,26.1,32.6,18.8,25.8,12.9,45.53,0,,0,,,,66.6,29.5,219.2,1010.9,0,8.1,,,0,,2017-01-26T06:59:30,2017-01-26T20:50:29,0.99,Clear,Clear conditions throughout the day.,clear-day,"SCEL,85577099999,85574099999"
santiago de chile,2017-01-27,33,19,25.2,33,19,25.1,15.1,56.06,0,,0,,,,,27.7,172.3,1013.1,0,9.3,,,0,,2017-01-27T07:00:29,2017-01-27T20:49:54,1,Clear,Clear conditions throughout the day.,clear-day,"SCEL,85577099999,SCTB,85574099999"
santiago de chile,2017-01-28,31.8,19,24.6,31.3,19,24.6,14.4,55.07,0,,0,,,,,31.7,173.8,1010.6,0,8.4,,,0,,2017-01-28T07:01:29,2017-01-28T20:49:17,0,Clear,Clear conditions throughout the day.,wind,"SCEL,85577099999,85574099999"
santiago de chile,2017-01-29,33,18,25,32.3,18,24.8,13.2,50.23,0,,0,,,,,31.7,173.7,1009.5,0,8.1,,,0,,2017-01-29T07:02:28,2017-01-29T20:48:38,0.01,Clear,Clear conditions throughout the day.,wind,"SCEL,85577099999,85574099999"
santiago de chile,2017-01-30,33,17,25,31.5,17,24.5,12,48.19,0,,0,,,,,24.1,177.1,1011.7,6.4,7.3,,,0,,2017-01-30T07:03:27,2017-01-30T20:47:58,0.03,Clear,Clear conditions throughout the day.,clear-day,"SCEL,85577099999,SCTB,85574099999"
santiago de chile,2017-01-31,33,16,24.6,30.8,16,24,9.3,40.84,0,,0,,,,,31.7,190.8,1011.5,0,9,,,0,,2017-01-31T07:04:26,2017-01-31T20:47:16,0.07,Clear,Clear conditions throughout the day.,wind,"SCEL,85577099999,85574099999"
santiago de chile,2017-02-01,31.9,15,23.1,30,15,22.7,9.5,44.39,0,,0,,,,,31.7,180.7,1011.5,0,8.6,,,0,,2017-02-01T07:05:25,2017-02-01T20:46:33,0.11,Clear,Clear conditions throughout the day.,wind,"SCEL,85577099999,85574099999"
santiago de chile,2017-02-02,28.9,14,20.6,27.6,14,20.4,8.7,48.51,0,,0,,,,,25.9,172.5,1011.3,8.8,9.2,,,0,,2017-02-02T07:06:24,2017-02-02T20:45:48,0.16,Clear,Clear conditions throughout the day.,clear-day,"SCEL,85577099999,85574099999"
santiago de chile,2017-02-03,24,11,17.1,24,11,17.1,8.6,59.23,0,,0,,,,,24.1,176.4,1013.4,60.6,10,,,0,,2017-02-03T07:07:23,2017-02-03T20:45:02,0.21,Partially cloudy,Partly cloudy throughout the day.,partly-cloudy-day,"SCEL,85577099999,85574099999"
santiago de chile,2017-02-04,25,14,19.4,25,14,19.4,10.8,59.57,0,,0,,,,,24.1,170.3,1015.6,58.2,10,,,0,,2017-02-04T07:08:21,2017-02-04T20:44:14,0.27,Partially cloudy,Partly cloudy throughout the day.,partly-cloudy-day,"SCEL,85577099999,85574099999"
santiago de chile,2017-02-05,32,14,22.4,30.1,14,21.9,9.1,48.49,0,,0,,,,,25.9,194.1,1011.9,0,9.3,,,0,,2017-02-05T07:09:19,2017-02-05T20:43:25,0.33,Clear,Clear conditions throughout the day.,clear-day,"SCEL,85577099999,85574099999"
santiago de chile,2017-02-06,32,15,23.4,30.2,15,22.9,6.5,35.93,0,,0,,,,,29.5,169.5,1010,0,9.7,,,0,,2017-02-06T07:10:17,2017-02-06T20:42:35,0.38,Clear,Clear conditions throughout the day.,clear-day,"SCEL,85577099999,85574099999"
santiago de chile,2017-02-07,30,14,21.2,28.7,14,20.9,6.8,41.37,0,,0,,,,,29.5,187.3,1011.1,0,9.8,,,0,,2017-02-07T07:11:15,2017-02-07T20:41:43,0.42,Clear,Clear conditions throughout the day.,clear-day,"SCEL,85577099999,85574099999"
santiago de chile,2017-02-08,27,11,18.2,26.6,11,18.1,9.7,62.21,0,,0,,,,,24.1,178.8,1014.5,12.3,9.8,,,0,,2017-02-08T07:12:13,2017-02-08T20:40:50,0.46,Clear,Clear conditions throughout the day.,clear-day,"SCEL,85577099999,85574099999"
santiago de chile,2017-02-09,29,11,20.1,27.7,11,19.9,7.5,47.11,0,,0,,,,,29.5,176.7,1014.1,16.2,9.9,,,0,,2017-02-09T07:13:10,2017-02-09T20:39:56,0.49,Clear,Clear conditions throughout the day.,clear-day,"SCEL,85577099999,85574099999"
santiago de chile,2017-02-10,30,14.8,21.9,28.5,14.8,21.6,7.6,42.41,0,,0,,,,,27.7,223.3,1012.4,29.9,10,,,0,,2017-02-10T07:14:07,2017-02-10T20:39:00,0.5,Partially cloudy,Partly cloudy throughout the day.,partly-cloudy-day,"SCEL,85577099999,85574099999"
santiago de chile,2017-02-11,31,13,22,29.3,13,21.5,6.5,38.99,0,,0,,,,,27.7,187.4,1014,0,9.8,,,0,,2017-02-11T07:15:04,2017-02-11T20:38:03,0.5,Clear,Clear conditions throughout the day.,clear-day,"SCEL,85577099999,85574099999"
santiago de chile,2017-02-12,33,13,23.2,30.9,13,22.6,7.6,39.92,0,,0,,,,,27.7,184.1,1012,0.6,9.8,,,0,,2017-02-12T07:16:00,2017-02-12T20:37:05,0.52,Clear,Clear conditions throughout the day.,clear-day,"SCEL,85577099999,SCTB,85574099999"
santiago de chile,2017-02-13,30.8,14,22.6,29.1,14,22.3,9.5,45.59,0,,0,,,,,31.7,167.4,1010.2,0.6,9.9,,,0,,2017-02-13T07:16:56,2017-02-13T20:36:06,0.53,Clear,Clear conditions throughout the day.,wind,"SCEL,85577099999,SCTB,85574099999"
santiago de chile,2017-02-14,29,14,21.3,28.4,14,21.2,12.4,59.82,0,,0,,,,,24.1,176.1,1012.7,0,9.6,,,0,,2017-02-14T07:17:52,2017-02-14T20:35:05,0.56,Clear,Clear conditions throughout the day.,clear-day,"SCEL,85577099999,85574099999"
santiago de chile,2017-02-15,31,14.1,21.8,29.7,14.1,21.6,11.8,56.67,0,,0,,,,,25.9,166.2,1015.6,3,9.8,,,0,,2017-02-15T07:18:47,2017-02-15T20:34:04,0.61,Clear,Clear conditions throughout the day.,clear-day,"SCEL,85577099999,SCTB,85574099999"
santiago de chile,2017-02-16,29,14,20.6,28.2,14,20.5,11.8,59.8,0,,0,,,,,31.7,181.5,1016.1,17.5,10,,,0,,2017-02-16T07:19:42,2017-02-16T20:33:01,0.65,Clear,Clear conditions throughout the day.,wind,"SCEL,85577099999,85574099999"
santiago de chile,2017-02-17,26.5,13,19.4,26.5,13,19.4,11.4,62.32,0,,0,,,,,25.9,187.1,1015.2,13.6,10,,,0,,2017-02-17T07:20:36,2017-02-17T20:31:58,0.69,Clear,Clear conditions throughout the day.,clear-day,"SCEL,85577099999,85574099999"
santiago de chile,2017-02-18,29,12,20.3,27.8,12,20.1,6.9,43.89,0,,0,,,,,24.1,194,1016.9,0,10,,,0,,2017-02-18T07:21:31,2017-02-18T20:30:53,0.74,Clear,Clear conditions throughout the day.,clear-day,"SCEL,85577099999,85574099999"
santiago de chile,2017-02-19,32,13,23.2,30.2,13,22.7,8.4,41.84,0,,0,,,,,27.7,182.4,1014.1,0,9.9,,,0,,2017-02-19T07:22:24,2017-02-19T20:29:48,0.79,Clear,Clear conditions throughout the day.,clear-day,"SCEL,85577099999,85574099999"
santiago de chile,2017-02-20,34,16,24.9,31.8,16,24.3,8.9,39.28,0,,0,,,,,25.9,172.9,1012.9,0,8.5,,,0,,2017-02-20T07:23:18,2017-02-20T20:28:41,0.83,Clear,Clear conditions throughout the day.,clear-day,"SCEL,85577099999,85574099999"
santiago de chile,2017-02-21,34,16,25.3,33,16,24.9,12.3,47.3,0,,0,,,,,25.9,181.4,1012.6,0.5,9.7,,,0,,2017-02-21T07:24:11,2017-02-21T20:27:34,0.88,Clear,Clear conditions throughout the day.,clear-day,"SCEL,85577099999,85574099999"
santiago de chile,2017-02-22,32,18,24.9,31.3,18,24.8,13.7,51.58,0,,0,,,,,29.5,196.3,1010.1,3.3,9.7,,,0,,2017-02-22T07:25:03,2017-02-22T20:26:25,0.92,Clear,Clear conditions throughout the day.,clear-day,"SCEL,85577099999,SCTB,85574099999"
santiago de chile,2017-02-23,31.1,17,24,31,17,24,14.4,56.67,0,,0,,,,,24.1,180,1010.4,4.8,10,,,0,,2017-02-23T07:25:56,2017-02-23T20:25:16,0.95,Clear,Clear conditions throughout the day.,clear-day,"SCEL,85577099999,85574099999"
santiago de chile,2017-02-24,32,18.1,24.8,31.6,18.1,24.7,14.3,53.81,0,,0,,,,,24.1,181.1,1011.3,7.4,9.8,,,0,,2017-02-24T07:26:48,2017-02-24T20:24:06,0.98,Clear,Clear conditions throughout the day.,clear-day,"SCEL,85577099999,SCTB,85574099999"
santiago de chile,2017-02-25,31.7,20,25,31,20,24.8,13.1,48.75,0,,0,,,,,27.7,179.5,1010.8,31.6,10,,,0,,2017-02-25T07:27:39,2017-02-25T20:22:55,1,Partially cloudy,Partly cloudy throughout the day.,partly-cloudy-day,"SCEL,85577099999,85574099999"
santiago de chile,2017-02-26,31,19.8,23.6,30.6,19.8,23.6,14.3,57.32,0,,0,,,,,24.1,182,1012,36.1,10,,,0,,2017-02-26T07:28:30,2017-02-26T20:21:44,1,Partially cloudy,Partly cloudy throughout the day.,partly-cloudy-day,"SCEL,85577099999,SCTB,85574099999"
santiago de chile,2017-02-27,30,18,23.5,30,18,23.5,14.9,60.15,0,,0,,,,,25.9,192.7,1013.7,10.1,9.9,,,0,,2017-02-27T07:29:21,2017-02-27T20:20:31,0,Clear,Clear conditions throughout the day.,clear-day,"SCEL,85577099999,85574099999"
santiago de chile,2017-02-28,31,17,23.1,31,17,23.1,14.8,61.42,0,,0,,,,,24.1,178.1,1013.5,3.8,10,,,0,,2017-02-28T07:30:12,2017-02-28T20:19:18,0.02,Clear,Clear conditions throughout the day.,clear-day,"SCEL,85577099999,85574099999"
santiago de chile,2017-03-01,30,16,22.3,29.7,16,22.2,13.9,61.78,0,,0,,,,,25.9,177,1010.3,34.7,9.8,,,0,,2017-03-01T07:31:02,2017-03-01T20:18:05,0.05,Partially cloudy,Partly cloudy throughout the day.,partly-cloudy-day,"SCEL,85577099999,SCTB,85574099999"
santiago de chile,2017-03-02,28.3,14,21.3,27.7,14,21.2,13.4,64.08,0,,0,,,,,33.5,193.8,1012.2,23.9,9.6,,,0,,2017-03-02T07:31:51,2017-03-02T20:16:51,0.09,Partially cloudy,Clearing in the afternoon.,wind,"SCEL,85577099999,85574099999"
santiago de chile,2017-03-03,28,15,21.1,27.3,15,21.1,9.3,48.13,0,,0,,,,,29.5,196.6,1012.4,36.8,9.9,,,0,,2017-03-03T07:32:41,2017-03-03T20:15:36,0.14,Partially cloudy,Partly cloudy throughout the day.,partly-cloudy-day,"SCEL,85577099999,85574099999"
santiago de chile,2017-03-04,27,13,19.8,26.4,13,19.7,5.7,41.16,0,,0,,,,33.5,22.3,190,1013.7,6.5,10,,,0,,2017-03-04T07:33:30,2017-03-04T20:14:20,0.19,Clear,Clear conditions throughout the day.,clear-day,"SCEL,85577099999,85574099999"
santiago de chile,2017-03-05,31,12,21.1,29,12,20.7,6.2,41.46,0,,0,,,,,25.9,163.2,1011.4,30.1,10,,,0,,2017-03-05T07:34:19,2017-03-05T20:13:04,0.25,Partially cloudy,Partly cloudy throughout the day.,partly-cloudy-day,"SCEL,85577099999,85574099999"
santiago de chile,2017-03-06,32,13,22.5,29.9,13,21.9,4.1,34.04,0,,0,,,,,18.4,158.7,1011.4,1.7,9.7,,,0,,2017-03-06T07:35:07,2017-03-06T20:11:48,0.31,Clear,Clear conditions throughout the day.,clear-day,"SCEL,85577099999,85574099999"
santiago de chile,2017-03-07,30.3,14,22.1,28.5,14,21.8,3.7,31.62,0,,0,,,,,22.3,152.7,1010.2,10,10,,,0,,2017-03-07T07:35:55,2017-03-07T20:10:31,0.36,Clear,Clear conditions throughout the day.,clear-day,"SCEL,85577099999,85574099999"
santiago de chile,2017-03-08,27,11,19.4,26.1,11,19.3,2.5,36.31,0,,0,,,,,27.7,187.9,1012.4,2.5,9.9,,,0,,2017-03-08T07:36:43,2017-03-08T20:09:13,0.41,Clear,Clear conditions throughout the day.,clear-day,"SCEL,85577099999,85574099999"
santiago de chile,2017-03-09,25,12,19.2,25,12,19.2,7.1,47.43,0,,0,,,,,20.5,166.9,1016.6,28.3,10,,,0,,2017-03-09T07:37:30,2017-03-09T20:07:56,0.45,Partially cloudy,Partly cloudy throughout the day.,partly-cloudy-day,"SCEL,85577099999,85574099999"
santiago de chile,2017-03-10,28,11,19.5,26.7,11,19.4,5.2,42.22,0,,0,,,,,25.9,179.2,1015,0,9.9,,,0,,2017-03-10T07:38:17,2017-03-10T20:06:38,0.48,Clear,Clear conditions throughout the day.,clear-day,"SCEL,85577099999,85574099999"
santiago de chile,2017-03-11,27,10,19,26.1,10,18.9,3.6,39.58,0,,0,,,,,24.1,183.2,1017.4,0,9.9,,,0,,2017-03-11T07:39:04,2017-03-11T20:05:19,0.49,Clear,Clear conditions throughout the day.,clear-day,"SCEL,85577099999,85574099999"
santiago de chile,2017-03-12,34,9,21.3,31.5,7.9,20.6,2.3,35.86,0,,0,,,,,20.5,148.8,1012.6,0,9.7,,,0,,2017-03-12T07:39:51,2017-03-12T20:04:00,0.5,Clear,Clear conditions throughout the day.,clear-day,"SCEL,85577099999,85574099999"
santiago de chile,2017-03-13,31,11,20.9,29,11,20.5,4.8,37.65,0,,0,,,,,22.3,175.3,1010.1,4.7,9.8,,,0,,2017-03-13T07:40:37,2017-03-13T20:02:41,0.51,Clear,Clear conditions throughout the day.,clear-day,"SCEL,85577099999,85574099999"
santiago de chile,2017-03-14,24,12,18,24,12,18,10.5,63.44,0,,0,,,,,22.3,185.2,1013.5,51.1,9.8,,,0,,2017-03-14T07:41:24,2017-03-14T20:01:22,0.52,Partially cloudy,Partly cloudy throughout the day.,partly-cloudy-day,"SCEL,85577099999,SCTB,85574099999"
santiago de chile,2017-03-15,29,11,19.6,27.7,11,19.4,9.7,58.29,0,,0,,,,,24.1,158,1015.4,0.1,9.3,,,0,,2017-03-15T07:42:09,2017-03-15T20:00:02,0.54,Clear,Clear conditions throughout the day.,clear-day,"SCEL,85577099999,SCTB,85574099999"
santiago de chile,2017-03-16,29.5,12,20.4,28.1,12,20.2,9.4,52.15,0,,0,,,,,27.7,190.7,1014.7,1.7,9.8,,,0,,2017-03-16T07:42:55,2017-03-16T19:58:42,0.57,Clear,Clear conditions throughout the day.,clear-day,"SCEL,85577099999,85574099999"
santiago de chile,2017-03-17,29.1,12,20.2,27.8,12,20,10.1,56.18,0,,0,,,,,20.5,170,1015.6,7,9.9,,,0,,2017-03-17T07:43:41,2017-03-17T19:57:22,0.61,Clear,Clear conditions throughout the day.,clear-day,"SCEL,85577099999,85574099999"
santiago de chile,2017-03-18,32,13,21.4,30.4,13,21.1,9.9,51.78,0,,0,,,,,25.9,198.4,1013.3,0,9.3,,,0,,2017-03-18T07:44:26,2017-03-18T19:56:02,0.65,Clear,Clear conditions throughout the day.,clear-day,"SCEL,85577099999,85574099999"
santiago de chile,2017-03-19,29,13.5,20.5,27.9,13.5,20.3,9.5,51.42,0,,0,,,,,24.1,170.9,1015.9,0.1,10,,,0,,2017-03-19T07:45:11,2017-03-19T19:54:42,0.7,Clear,Clear conditions throughout the day.,clear-day,"SCEL,85577099999,85574099999"
santiago de chile,2017-03-20,28,12.7,19.8,27.2,12.7,19.7,10.4,58.25,0,,0,,,,,25.9,167.5,1015.8,4.6,9.5,,,0,,2017-03-20T07:45:56,2017-03-20T19:53:22,0.75,Clear,Clear conditions throughout the day.,clear-day,"SCEL,85577099999,SCTB,85574099999"
santiago de chile,2017-03-21,30,13,20.1,28.6,13,19.9,9.4,53.11,0,,0,,,,,25.9,169.2,1014.1,0,9.2,,,0,,2017-03-21T07:46:41,2017-03-21T19:52:01,0.79,Clear,Clear conditions throughout the day.,clear-day,"SCEL,85577099999,85574099999"
santiago de chile,2017-03-22,27,12,18.6,26.7,12,18.6,10.6,62.28,0,,0,,,,,24.1,169.1,1014.8,0,9.9,,,0,,2017-03-22T07:47:25,2017-03-22T19:50:41,0.84,Clear,Clear conditions throughout the day.,clear-day,"SCEL,85577099999,85574099999"
santiago de chile,2017-03-23,25.6,11,18.1,25.6,11,18.1,11.5,68.02,0,,0,,,,,25.9,150.7,1014.6,0,9.4,,,0,,2017-03-23T07:48:10,2017-03-23T19:49:20,0.89,Clear,Clear conditions throughout the day.,clear-day,"SCEL,85577099999,85574099999"
santiago de chile,2017-03-24,18,12.9,15.4,18,12.9,15.4,11.7,79.19,0,,0,,,,,16.6,185.1,1016.4,74.3,8.5,,,0,,2017-03-24T07:48:54,2017-03-24T19:48:00,0.93,Partially cloudy,Partly cloudy throughout the day.,partly-cloudy-day,"SCEL,85577099999,85574099999"
santiago de chile,2017-03-25,25,15.9,18.7,25,15.9,18.7,10.8,61.28,0,,0,,,,,25.9,189.9,1014.5,51.1,9.3,,,0,,2017-03-25T07:49:38,2017-03-25T19:46:40,0.96,Partially cloudy,Clearing in the afternoon.,partly-cloudy-day,"SCEL,85577099999,85574099999"
santiago de chile,2017-03-26,24.1,10,17.2,24.1,10,17.2,8.5,58.99,0,,0,,,,,20.5,177.4,1016.9,3.7,9.2,,,0,,2017-03-26T07:50:23,2017-03-26T19:45:19,0.99,Clear,Clear conditions throughout the day.,clear-day,"SCEL,85577099999,85574099999"
santiago de chile,2017-03-27,28,9,18.6,27,9,18.5,8.2,54.16,0,,0,,,,,22.3,184.9,1014.7,0,9.8,,,0,,2017-03-27T07:51:07,2017-03-27T19:43:59,1,Clear,Clear conditions throughout the day.,clear-day,"SCEL,85577099999,85574099999"
santiago de chile,2017-03-28,27,10,18.4,26.6,10,18.4,9.2,57.98,0,,0,,,,,24.1,184.3,1014.5,0,9.4,,,0,,2017-03-28T07:51:51,2017-03-28T19:42:39,0,Clear,Clear conditions throughout the day.,clear-day,"SCEL,85577099999,85574099999"
santiago de chile,2017-03-29,23,12,17.3,23,12,17.3,9.3,61.5,0,,0,,,,,22.3,183.9,1016.7,25.9,9.7,,,0,,2017-03-29T07:52:34,2017-03-29T19:41:20,0.01,Partially cloudy,Partly cloudy throughout the day.,partly-cloudy-day,"SCEL,85577099999,85574099999"
santiago de chile,2017-03-30,25,8,16.8,25,7.4,16.8,7.4,57.01,0,,0,,,,,20.5,186.5,1014.7,1.1,9.8,,,0,,2017-03-30T07:53:18,2017-03-30T19:40:00,0.04,Clear,Clear conditions throughout the day.,clear-day,"SCEL,85577099999,85574099999"
santiago de chile,2017-03-31,26,9,17.3,26,9,17.3,7.4,54.96,0,,0,,,,,20.5,187.7,1015.3,0,9.7,,,0,,2017-03-31T07:54:02,2017-03-31T19:38:41,0.08,Clear,Clear conditions throughout the day.,clear-day,"SCEL,85577099999,85574099999"
santiago de chile,2017-04-01,22,10,15.5,22,10,15.5,8.1,63.06,0,,0,,,,,24.1,178.1,1019.6,36.7,9.9,,,0,,2017-04-01T07:54:46,2017-04-01T19:37:22,0.12,Partially cloudy,Partly cloudy throughout the day.,partly-cloudy-day,"SCEL,85577099999,85574099999"
santiago de chile,2017-04-02,24,8.8,16.1,24,7.6,16.1,7.4,59.94,0,,0,,,,,18.4,198.3,1019.3,0,9.4,,,0,,2017-04-02T07:55:29,2017-04-02T19:36:03,0.18,Clear,Clear conditions throughout the day.,clear-day,"SCEL,85577099999,SCTB,85574099999"
santiago de chile,2017-04-03,26,10,17.5,26,10,17.5,5.3,47.7,0,,0,,,,,22.3,164.9,1013.2,15.7,9.9,,,0,,2017-04-03T07:56:13,2017-04-03T19:34:44,0.23,Clear,Clear conditions throughout the day.,clear-day,"SCEL,85577099999,85574099999"
santiago de chile,2017-04-04,24.4,12,17.6,24.4,12,17.6,8.3,55.82,0,,0,,,,,22.3,153.5,1015.8,34,9.7,,,0,,2017-04-04T07:56:57,2017-04-04T19:33:26,0.29,Partially cloudy,Partly cloudy throughout the day.,partly-cloudy-day,"SCEL,85577099999,85574099999"
santiago de chile,2017-04-05,27,9,17.7,26.4,9,17.7,8.1,58.17,0,,0,,,,,18.4,169.5,1016.9,0,8.9,,,0,,2017-04-05T07:57:40,2017-04-05T19:32:08,0.34,Clear,Clear conditions throughout the day.,clear-day,"SCEL,85577099999,85574099999"
santiago de chile,2017-04-06,27,10,17.8,26.4,10,17.8,6.6,50.59,0,,0,,,,,27.7,182.8,1013.3,20.3,9.7,,,0,,2017-04-06T07:58:24,2017-04-06T19:30:51,0.39,Partially cloudy,Partly cloudy throughout the day.,partly-cloudy-day,"SCEL,85577099999,85574099999"
santiago de chile,2017-04-07,17,12,14.4,17,12,14.4,8.5,68.23,0,,0,,,,,27.7,181,1017.6,76.3,10,,,0,,2017-04-07T07:59:08,2017-04-07T19:29:34,0.43,Partially cloudy,Partly cloudy throughout the day.,partly-cloudy-day,"SCEL,85577099999,85574099999"
santiago de chile,2017-04-08,19,8,13.5,19,7.4,13.5,5.8,62.16,0,,0,,,,,25.9,200.9,1017.4,37.6,9.9,,,0,,2017-04-08T07:59:51,2017-04-08T19:28:17,0.46,Partially cloudy,Partly cloudy throughout the day.,partly-cloudy-day,"SCEL,85577099999,85574099999"
santiago de chile,2017-04-09,22,5,13.7,22,3.3,13.5,4.6,58.62,0,,0,,,,,20.5,189.7,1016.8,0,9.3,,,0,,2017-04-09T08:00:35,2017-04-09T19:27:01,0.48,Clear,Clear conditions throughout the day.,clear-day,"SCEL,85577099999,85574099999"
santiago de chile,2017-04-10,28,5,16.3,26.6,2.8,16,2.8,48.17,0,,0,,,,,14.8,155.3,1016.8,0,9.5,,,0,,2017-04-10T08:01:19,2017-04-10T19:25:46,0.5,Clear,Clear conditions throughout the day.,clear-day,"SCEL,85577099999,SCTB,85574099999"
santiago de chile,2017-04-11,31,9,18.8,28.9,8.5,18.3,1.7,37.18,0,,0,,,,,20.5,194.7,1012.8,1.3,9.9,,,0,,2017-04-11T08:02:03,2017-04-11T19:24:31,0.5,Clear,Clear conditions throughout the day.,clear-day,"SCEL,85577099999,85574099999"
santiago de chile,2017-04-12,27,10,17.5,26.3,10,17.4,5.9,49.82,0,,0,,,,,25.9,166.6,1013.2,1.6,9.4,,,0,,2017-04-12T08:02:46,2017-04-12T19:23:16,0.51,Clear,Clear conditions throughout the day.,clear-day,"SCEL,85577099999,SCTB,85574099999"
santiago de chile,2017-04-13,24,10,16,24,10,16,9,66.24,0,,0,,,,,20.5,174.9,1013.7,0,9.3,,,0,,2017-04-13T08:03:30,2017-04-13T19:22:03,0.53,Clear,Clear conditions throughout the day.,clear-day,"SCEL,85577099999,85574099999"
santiago de chile,2017-04-14,23,8,15.4,23,7.4,15.4,8.4,65.72,0,,0,,,,,27.7,175.5,1015.4,12.1,9.3,,,0,,2017-04-14T08:04:14,2017-04-14T19:20:49,0.55,Clear,Clear conditions throughout the day.,clear-day,"SCEL,85577099999,85574099999"
santiago de chile,2017-04-15,22,10.1,16.9,22,10.1,16.9,9.5,63.68,0,,0,,,,,11.2,177.4,1015.6,42,10,,,0,,2017-04-15T08:04:58,2017-04-15T19:19:37,0.58,Partially cloudy,Becoming cloudy in the afternoon.,partly-cloudy-day,"SCEL,85577099999,85574099999"
santiago de chile,2017-04-16,22.1,12,17.4,22.1,12,17.4,9,59.49,0,,0,,,,,16.6,198,1013,62.9,9.9,,,0,,2017-04-16T08:05:42,2017-04-16T19:18:25,0.62,Partially cloudy,Partly cloudy throughout the day.,partly-cloudy-day,"SCEL,85577099999,85574099999"
santiago de chile,2017-04-17,23.1,9,15.7,23.1,7,15.6,8.5,64.81,0,,0,,,,,22.3,194.4,1012.7,31.5,9.3,,,0,,2017-04-17T08:06:26,2017-04-17T19:17:14,0.66,Partially cloudy,Partly cloudy throughout the day.,partly-cloudy-day,"SCEL,85577099999,85574099999"
santiago de chile,2017-04-18,23.8,13,16.5,23.8,13,16.5,9.8,66.14,0,,0,,,,,37.1,188.4,1014.6,50.2,9.5,,,0,,2017-04-18T08:07:10,2017-04-18T19:16:03,0.71,Partially cloudy,Clearing in the afternoon.,wind,"SCEL,85577099999,85574099999"
santiago de chile,2017-04-19,22,12,16.5,22,12,16.5,10.2,68,0,,0,,,,33.5,16.6,176,1018.6,71.1,9.5,,,0,,2017-04-19T08:07:55,2017-04-19T19:14:53,0.76,Partially cloudy,Partly cloudy throughout the day.,partly-cloudy-day,"SCEL,85577099999,85574099999"
santiago de chile,2017-04-20,17,14,15.6,17,14,15.6,13.3,86.77,0,,0,,,,,14.8,184.2,1021.1,86.2,7.8,,,0,,2017-04-20T08:08:39,2017-04-20T19:13:44,0.81,Partially cloudy,Partly cloudy throughout the day.,partly-cloudy-day,"SCEL,85577099999,85574099999"
santiago de chile,2017-04-21,22,14.7,17.4,22,14.7,17.4,13.2,77.8,0,,0,,,,,14.8,170.1,1018.5,58.8,7.8,,,0,,2017-04-21T08:09:23,2017-04-21T19:12:36,0.86,Partially cloudy,Partly cloudy throughout the day.,partly-cloudy-day,"SCEL,85577099999,85574099999"
santiago de chile,2017-04-22,24.2,13,18.1,24.2,13,18.1,9.8,60.6,0,,0,,,,,20.5,172.8,1016.9,42.1,9.4,,,0,,2017-04-22T08:10:07,2017-04-22T19:11:29,0.9,Partially cloudy,Partly cloudy throughout the day.,partly-cloudy-day,"SCEL,85577099999,85574099999"
santiago de chile,2017-04-23,22.3,9,15.6,22.3,9,15.6,5.2,53.48,0,,0,,,,,25.9,155.5,1017.3,30.1,9.9,,,0,,2017-04-23T08:10:52,2017-04-23T19:10:23,0.94,Partially cloudy,Partly cloudy throughout the day.,partly-cloudy-day,"SCEL,85577099999,85574099999"
santiago de chile,2017-04-24,19,6.8,12.9,19,6.8,12.9,4.6,58.38,0,,0,,,,,22.3,176.1,1017.5,34.2,9.8,,,0,,2017-04-24T08:11:36,2017-04-24T19:09:17,0.98,Partially cloudy,Becoming cloudy in the afternoon.,partly-cloudy-day,"SCEL,85577099999,85574099999"
santiago de chile,2017-04-25,19,6,12.2,19,4.4,12,5.8,66.9,0,,0,,,,,16.6,196.5,1021.2,31.1,9.7,,,0,,2017-04-25T08:12:21,2017-04-25T19:08:12,1,Partially cloudy,Partly cloudy throughout the day.,partly-cloudy-day,"SCEL,85577099999,85574099999"
santiago de chile,2017-04-26,22.1,4.8,12.4,22.1,3.3,12.3,3.7,60.8,0,,0,,,,,16.6,217.8,1021.4,0,8.4,,,0,,2017-04-26T08:13:05,2017-04-26T19:07:09,1,Clear,Clear conditions throughout the day.,clear-day,"SCEL,85577099999,85574099999"
santiago de chile,2017-04-27,25,3.1,13.5,25,1,13.3,0,46.76,0,,0,,,,,24.1,205.7,1018.4,0,9.9,,,0,,2017-04-27T08:13:50,2017-04-27T19:06:06,0.01,Clear,Clear conditions throughout the day.,clear-day,"SCEL,85577099999,85574099999"
santiago de chile,2017-04-28,28,5,15.3,26.7,5,15,0,40.54,0,,0,,,,,20.5,174.9,1018.4,0,9.6,,,0,,2017-04-28T08:14:35,2017-04-28T19:05:04,0.03,Clear,Clear conditions throughout the day.,clear-day,"SCEL,85577099999,85574099999"
santiago de chile,2017-04-29,29,5,16.1,27.4,5,15.8,1.5,42.99,0,,0,,,,,16.6,165.8,1015.7,0,9.4,,,0,,2017-04-29T08:15:19,2017-04-29T19:04:03,0.06,Clear,Clear conditions throughout the day.,clear-day,"SCEL,85577099999,85574099999"
santiago de chile,2017-04-30,28,6,16.1,26.7,6,15.9,3.5,48.22,0,,0,,,,,16.6,143.9,1014.4,0,9.1,,,0,,2017-04-30T08:16:04,2017-04-30T19:03:04,0.11,Clear,Clear conditions throughout the day.,clear-day,"SCEL,85577099999,85574099999"
santiago de chile,2017-05-01,19,6,11.8,19,6,11.8,7.8,77.49,0,,0,,,,,29.5,158.8,1017.6,12.4,7.8,,,0,,2017-05-01T08:16:48,2017-05-01T19:02:05,0.16,Clear,Clear conditions throughout the day.,clear-day,"SCEL,85577099999,85574099999"
santiago de chile,2017-05-02,18,8,12.1,18,7.4,12.1,7.4,74.44,0,,0,,,,,11.2,193.3,1020.8,57.1,6,,,0,,2017-05-02T08:17:33,2017-05-02T19:01:08,0.22,Partially cloudy,Partly cloudy throughout the day.,partly-cloudy-day,"SCEL,85577099999,85574099999"
santiago de chile,2017-05-03,25,5,13.4,25,3.9,13.1,4.2,60.42,0,,0,,,,,22.3,198.5,1017.8,4.4,7.7,,,0,,2017-05-03T08:18:18,2017-05-03T19:00:11,0.27,Clear,Clear conditions throughout the day.,clear-day,"SCEL,85577099999,85574099999"
santiago de chile,2017-05-04,26.6,5.9,14.6,26.6,5.1,14.4,3.2,50.96,0,,0,,,,,20.5,138.4,1014.4,6.9,8.5,,,0,,2017-05-04T08:19:02,2017-05-04T18:59:16,0.32,Clear,Clear conditions throughout the day.,clear-day,"SCEL,85577099999,85574099999"
santiago de chile,2017-05-05,21.8,5,12.3,21.8,3.3,12.2,5.9,67.87,0,,0,,,,,29.5,167.9,1013.6,8.4,9.1,,,0,,2017-05-05T08:19:47,2017-05-05T18:58:22,0.37,Clear,Clear conditions throughout the day.,clear-day,"SCEL,85577099999,85574099999"
santiago de chile,2017-05-06,16,8,11.5,16,8,11.5,7.4,77.56,0,,0,,,,,11.2,155.6,1014.6,55.6,6.9,,,0,,2017-05-06T08:20:31,2017-05-06T18:57:29,0.41,Partially cloudy,Partly cloudy throughout the day.,partly-cloudy-day,"SCEL,85577099999,85574099999"
santiago de chile,2017-05-07,17,7.2,11.8,17,7.2,11.7,7.7,76.97,0,,0,,,,,16.6,184.2,1019.2,65.6,6.7,,,0,,2017-05-07T08:21:16,2017-05-07T18:56:37,0.45,Partially cloudy,Partly cloudy throughout the day.,partly-cloudy-day,"SCEL,85577099999,85574099999"
santiago de chile,2017-05-08,19,11.3,14.3,19,11.3,14.3,11.1,82.16,0,,0,,,,,13,159.5,1018,57.9,9.2,,,0,,2017-05-08T08:22:00,2017-05-08T18:55:47,0.47,Partially cloudy,Partly cloudy throughout the day.,partly-cloudy-day,"SCEL,85577099999,85574099999"
santiago de chile,2017-05-09,19.6,9.2,14.5,19.6,9.2,14.5,11.2,81.97,0,,0,,,,,13,154,1013.5,46.5,7.7,,,0,,2017-05-09T08:22:44,2017-05-09T18:54:58,0.49,Partially cloudy,Partly cloudy throughout the day.,partly-cloudy-day,"SCEL,85577099999,85574099999"
santiago de chile,2017-05-10,16,10,12.5,16,10,12.5,10.4,87.46,0,,0,,,,,11.2,156.4,1013.7,71.1,4.4,,,0,,2017-05-10T08:23:28,2017-05-10T18:54:10,0.5,Partially cloudy,Partly cloudy throughout the day.,partly-cloudy-day,"SCEL,85577099999,85574099999"
santiago de chile,2017-05-11,13.6,11,12.3,13.6,11,12.3,10.1,86.4,0,,0,,,,,18.4,124.2,1014.5,78.7,8,,,0,,2017-05-11T08:24:12,2017-05-11T18:53:23,0.5,Partially cloudy,Partly cloudy throughout the day.,partly-cloudy-day,"SCEL,85577099999,SCTB,85574099999"
santiago de chile,2017-05-12,18.3,10.2,13.7,18.3,10.2,13.7,8.5,72.54,0,,0,,,,,11.2,128.8,1013.8,70.6,10,,,0,,2017-05-12T08:24:56,2017-05-12T18:52:38,0.52,Partially cloudy,Partly cloudy throughout the day.,partly-cloudy-day,"SCEL,85577099999,85574099999"
santiago de chile,2017-05-13,21.7,11.2,15.1,21.7,11.2,15.1,9.9,73.31,0,,0,,,,,20.5,151,1018.5,40,9.2,,,0,,2017-05-13T08:25:40,2017-05-13T18:51:54,0.53,Partially cloudy,Clearing in the afternoon.,partly-cloudy-day,"SCEL,85577099999,85574099999"
santiago de chile,2017-05-14,16,10,12.2,16,10,12.2,9.6,84.58,0,,0,,,,,20.5,177.4,1020.8,52.6,9.5,,,0,,2017-05-14T07:26:23,2017-05-14T17:51:11,0.56,Partially cloudy,Partly cloudy throughout the day.,partly-cloudy-day,"SCEL,85577099999,85574099999"
santiago de chile,2017-05-15,18.3,4,11,18.3,3.9,10.9,7.2,79.79,0,,0,,,,,9.4,166.2,1019.9,21.6,7.3,,,0,,2017-05-15T07:27:06,2017-05-15T17:50:30,0.59,Partially cloudy,Partly cloudy throughout the day.,partly-cloudy-day,"SCEL,85577099999,85574099999"
santiago de chile,2017-05-16,13,7,10.8,13,5.6,10.7,8.9,88.35,0,,0,,,,,13,180.1,1019.8,61.9,6,,,0,,2017-05-16T07:27:49,2017-05-16T17:49:50,0.63,Partially cloudy,Partly cloudy throughout the day.,partly-cloudy-day,"SCEL,85577099999,85574099999"
santiago de chile,2017-05-17,15,8.9,11.7,15,7.9,11.6,8.1,79.47,0,,0,,,,,14.8,202.2,1017.1,67,7.6,,,0,,2017-05-17T07:28:32,2017-05-17T17:49:11,0.68,Partially cloudy,Partly cloudy throughout the day.,partly-cloudy-day,"SCEL,85577099999,85574099999"
santiago de chile,2017-05-18,11,6.6,8.8,11,3.5,7.9,5.9,82.67,0,,0,,,,,20.5,176.8,1020.2,72.4,9.1,,,0,,2017-05-18T07:29:14,2017-05-18T17:48:34,0.73,Partially cloudy,Partly cloudy throughout the day.,partly-cloudy-day,"SCEL,85577099999,85574099999"
santiago de chile,2017-05-19,14,1,7.3,14,-0.6,7,3.4,78.99,0,,0,,,,,11.2,153.5,1022.3,17.9,7.2,,,0,,2017-05-19T07:29:56,2017-05-19T17:47:59,0.78,Clear,Clear conditions throughout the day.,clear-day,"SCEL,85577099999,85574099999"
santiago de chile,2017-05-20,17,1,8.3,17,-0.6,7.8,2.9,73.05,0,,0,,,,,11.2,202.9,1021.3,3.8,7.8,,,0,,2017-05-20T07:30:37,2017-05-20T17:47:25,0.83,Clear,Clear conditions throughout the day.,clear-day,"SCEL,85577099999,85574099999"
santiago de chile,2017-05-21,17.6,3,9.5,17.6,2.1,9.3,3.7,70.25,0,,0,,,,,11.2,136.4,1018.7,58,8.7,,,0,,2017-05-21T07:31:19,2017-05-21T17:46:52,0.88,Partially cloudy,Partly cloudy throughout the day.,partly-cloudy-day,"SCEL,85577099999,85574099999"
santiago de chile,2017-05-22,14,6,9.3,14,5.1,9.1,5,75.48,0,,0,,,,,11.2,121.3,1017.2,68.5,7.2,,,0,,2017-05-22T07:31:59,2017-05-22T17:46:21,0.93,Partially cloudy,Partly cloudy throughout the day.,partly-cloudy-day,"SCEL,85577099999,85574099999"
santiago de chile,2017-05-23,12.1,6.7,9.1,12.1,6.4,8.8,6.7,85.41,0,,0,,,,,14.8,163.2,1017.4,83.9,5.3,,,0,,2017-05-23T07:32:40,2017-05-23T17:45:51,0.97,Partially cloudy,Partly cloudy throughout the day.,partly-cloudy-day,"SCEL,85577099999,85574099999"
santiago de chile,2017-05-24,13,6,9.2,13,4.8,8.8,6.8,85.6,0,,0,,,,,14.8,191.2,1016,76,4.7,,,0,,2017-05-24T07:33:19,2017-05-24T17:45:23,0.99,Partially cloudy,Partly cloudy throughout the day.,partly-cloudy-day,"SCEL,85577099999,85574099999"
santiago de chile,2017-05-25,12,8,9.7,12,7.3,9.3,7.3,85.26,0,,0,,,,,11.2,169.3,1021.1,81,8,,,0,,2017-05-25T07:33:59,2017-05-25T17:44:56,1,Partially cloudy,Partly cloudy throughout the day.,partly-cloudy-day,"SCEL,85577099999,85574099999"
santiago de chile,2017-05-26,18,5,10.3,18,4.4,10,6.1,78.05,0,,0,,,,,11.2,170,1021.5,33.8,8.2,,,0,,2017-05-26T07:34:38,2017-05-26T17:44:31,0,Partially cloudy,Partly cloudy throughout the day.,partly-cloudy-day,"SCEL,85577099999,85574099999"
santiago de chile,2017-05-27,18.9,4,10.6,18.9,2.8,10.2,5.7,74.99,0,,0,,,,,14.8,142.1,1020.6,4.4,7.3,,,0,,2017-05-27T07:35:16,2017-05-27T17:44:07,0.02,Clear,Clear conditions throughout the day.,clear-day,"SCEL,85577099999,SCTB,85574099999"
santiago de chile,2017-05-28,15,4,8.9,15,4,8.8,6.1,83.69,0,,0,,,,,14.8,116.4,1020,44.7,5.4,,,0,,2017-05-28T07:35:53,2017-05-28T17:43:45,0.05,Partially cloudy,Partly cloudy throughout the day.,partly-cloudy-day,"SCEL,85577099999,85574099999"
santiago de chile,2017-05-29,16,7,10.5,16,5.6,10.2,7.2,81.48,0,,0,,,,,16.6,162,1019.7,40.3,6.1,,,0,,2017-05-29T07:36:30,2017-05-29T17:43:25,0.09,Partially cloudy,Partly cloudy throughout the day.,partly-cloudy-day,"SCEL,85577099999,85574099999"
santiago de chile,2017-05-30,17,3,8.9,17,2.8,8.8,5.9,83.43,0,,0,,,,,11.2,204.3,1025.4,25.4,3.9,,,0,,2017-05-30T07:37:07,2017-05-30T17:43:06,0.14,Partially cloudy,Clearing in the afternoon.,partly-cloudy-day,"SCEL,85577099999,85574099999"
santiago de chile,2017-05-31,20,3,9.9,20,2.8,9.6,4.7,74.72,0,,0,,,,,14.8,182.9,1022.9,8.1,5,,,0,,2017-05-31T07:37:42,2017-05-31T17:42:48,0.2,Clear,Clear conditions throughout the day.,clear-day,"SCEL,85577099999,SCTB,85574099999"
santiago de chile,2017-06-01,18,2.9,9.6,18,2.8,9.3,3.9,70.95,0,,0,,,,,11.2,161.6,1021,7,6.5,,,0,,2017-06-01T07:38:17,2017-06-01T17:42:32,0.25,Clear,Clear conditions throughout the day.,clear-day,"SCEL,85577099999,85574099999"
santiago de chile,2017-06-02,14.7,3,8.2,14.7,2.1,7.9,4.2,77.43,0,,0,,,,,18.4,150.3,1017.9,54.4,6.7,,,0,,2017-06-02T07:38:51,2017-06-02T17:42:18,0.3,Partially cloudy,Partly cloudy throughout the day.,partly-cloudy-day,"SCEL,85577099999,85574099999"
santiago de chile,2017-06-03,15,3,9,15,1.7,8.4,4.3,74.78,0,,0,,,,,16.6,161,1019.3,23,7.1,,,0,,2017-06-03T07:39:24,2017-06-03T17:42:05,0.35,Partially cloudy,Partly cloudy throughout the day.,partly-cloudy-day,"SCEL,85577099999,85574099999"
santiago de chile,2017-06-04,14,1,6.9,14,0.9,6.7,2.6,76.82,0,,0,,,,,13,193.8,1020.9,6.1,7.1,,,0,,2017-06-04T07:39:57,2017-06-04T17:41:53,0.39,Clear,Clear conditions throughout the day.,clear-day,"SCEL,85577099999,85574099999"
santiago de chile,2017-06-05,13,1.8,6.4,13,1.6,6,2.6,78.65,0,,0,,,,,13,154.4,1020,6.3,6.4,,,0,,2017-06-05T07:40:28,2017-06-05T17:41:44,0.43,Clear,Clear conditions throughout the day.,clear-day,"SCEL,85577099999,85574099999"
santiago de chile,2017-06-06,17,-2,6,17,-2.6,5.8,-0.3,69.39,0,,0,,,,,13,169.3,1020.2,0,6.4,,,0,,2017-06-06T07:40:59,2017-06-06T17:41:35,0.46,Clear,Clear conditions throughout the day.,clear-day,"SCEL,85577099999,85574099999"
santiago de chile,2017-06-07,9,-1,4.6,8.7,-4.3,3.3,0.3,74.61,0,,0,,,,,20.5,156,1022,54.8,7.2,,,0,,2017-06-07T07:41:29,2017-06-07T17:41:29,0.48,Partially cloudy,Partly cloudy throughout the day.,partly-cloudy-day,"SCEL,85577099999,85574099999"
santiago de chile,2017-06-08,12,5.5,8.1,12,2.8,7.4,5.7,85.44,0,,0,,,,,16.6,154.4,1031.1,62.8,7.4,,,0,,2017-06-08T07:41:57,2017-06-08T17:41:24,0.49,Partially cloudy,Partly cloudy throughout the day.,partly-cloudy-day,"SCEL,85577099999,85574099999"
santiago de chile,2017-06-09,16,1,7,16,-1.2,6.4,3.7,82.37,0,,0,,,,,11.2,208.7,1028.1,27.2,5.3,,,0,,2017-06-09T07:42:25,2017-06-09T17:41:20,0.5,Partially cloudy,Clearing in the afternoon.,partly-cloudy-day,"SCEL,85577099999,85574099999"
santiago de chile,2017-06-10,19.4,1,8.2,19.4,-1.9,7.9,1.9,69.61,0,,0,,,,,18.4,164.5,1019.9,0.1,7.9,,,0,,2017-06-10T07:42:52,2017-06-10T17:41:18,0.51,Clear,Clear conditions throughout the day.,clear-day,"SCEL,85577099999,85574099999"
santiago de chile,2017-06-11,19,0.9,8.5,19,-2.8,7.9,2.3,68.83,0,,0,,,,,14.8,146.4,1019,0,8.1,,,0,,2017-06-11T07:43:17,2017-06-11T17:41:17,0.52,Clear,Clear conditions throughout the day.,clear-day,"SCEL,85577099999,85574099999"
santiago de chile,2017-06-12,19,1,8.6,19,0.5,8.3,3.9,75.86,0,,0,,,,,13,115,1018,5.7,6.5,,,0,,2017-06-12T07:43:42,2017-06-12T17:41:18,0.54,Clear,Clear conditions throughout the day.,clear-day,"SCEL,85577099999,85574099999"
santiago de chile,2017-06-13,12.1,5,7.8,12.1,2.4,7,6.2,90.54,0,,0,,,,,13,205,1019.5,58.2,3.4,,,0,,2017-06-13T07:44:05,2017-06-13T17:41:20,0.57,Partially cloudy,Partly cloudy throughout the day.,partly-cloudy-day,"SCEL,85577099999,85574099999"
santiago de chile,2017-06-14,10,2,7,10,2,6.4,5.9,92.75,0,,0,,,,,13,158.6,1019.1,66.9,1.7,,,0,,2017-06-14T07:44:27,2017-06-14T17:41:24,0.61,Partially cloudy,Partly cloudy throughout the day.,partly-cloudy-day,"SCEL,85577099999,85574099999"
santiago de chile,2017-06-15,12.1,1,6.1,12.1,-0.6,5.8,4.6,90.72,0,,0,,,,,7.6,235.7,1017.5,29.3,2.2,,,0,,2017-06-15T07:44:48,2017-06-15T17:41:29,0.65,Partially cloudy,Partly cloudy throughout the day.,partly-cloudy-day,"SCEL,85577099999,85574099999"
santiago de chile,2017-06-16,17,5,10.7,17,3.3,10.2,8.2,85.29,0,,0,,,,64.8,38.9,155.3,1013.8,71.3,7.2,,,0,,2017-06-16T07:45:08,2017-06-16T17:41:35,0.7,Partially cloudy,Partly cloudy throughout the day.,wind,"SCEL,85577099999,85574099999"
santiago de chile,2017-06-17,9,4,7.3,8.5,4,6.7,5.3,87.63,0,,0,,,,,13,144.7,1025.1,67.2,9.3,,,0,,2017-06-17T07:45:27,2017-06-17T17:41:43,0.76,Partially cloudy,Partly cloudy throughout the day.,partly-cloudy-day,"SCEL,85577099999,85574099999"
santiago de chile,2017-06-18,11,0,4.9,11,-1.8,4.4,1.8,82.36,0,,0,,,,,14.8,218.9,1027.1,4.7,7.9,,,0,,2017-06-18T07:45:44,2017-06-18T17:41:53,0.81,Clear,Clear conditions throughout the day.,clear-day,"SCEL,85577099999,85574099999"
santiago de chile,2017-06-19,9,-2,3.9,8.5,-4.9,2.6,1.1,83.06,0,,0,,,,,14.8,116.7,1022.5,42.7,7.1,,,0,,2017-06-19T07:46:00,2017-06-19T17:42:03,0.86,Partially cloudy,Becoming cloudy in the afternoon.,partly-cloudy-day,"SCEL,85577099999,85574099999"
santiago de chile,2017-06-20,12.1,5,8,12.1,3.9,7.6,2.9,70.96,0,,0,,,,,7.6,180.9,1016.8,83,8.4,,,0,,2017-06-20T07:46:15,2017-06-20T17:42:15,0.91,Partially cloudy,Partly cloudy throughout the day.,partly-cloudy-day,"SCEL,85577099999,85574099999"
santiago de chile,2017-06-21,13,5,8.4,13,3.9,7.9,4.1,75,0,,0,,,,,14.8,168.2,1015.4,83.9,7.8,,,0,,2017-06-21T07:46:28,2017-06-21T17:42:29,0.95,Partially cloudy,Partly cloudy throughout the day.,partly-cloudy-day,"SCEL,85577099999,85574099999"
santiago de chile,2017-06-22,13,9,10.3,13,7.3,10.1,7.4,82.73,0,,0,,,,33.5,25.9,119.9,1015.8,82.9,9.4,,,0,,2017-06-22T07:46:40,2017-06-22T17:42:43,0.99,Partially cloudy,Partly cloudy throughout the day.,partly-cloudy-day,"SCEL,85577099999,85574099999"
santiago de chile,2017-06-23,14,8,11.4,14,8,11.4,9,85.72,0,,0,,,,,11.2,122.9,1015.1,81.9,8,,,0,,2017-06-23T07:46:50,2017-06-23T17:42:59,1,Partially cloudy,Partly cloudy throughout the day.,partly-cloudy-day,"SCEL,85577099999,85574099999"
santiago de chile,2017-06-24,13.8,8,10.3,13.8,6.8,10.1,8.3,87.89,0,,0,,,,,20.5,177.8,1010.9,89.1,6.7,,,0,,2017-06-24T07:47:00,2017-06-24T17:43:16,0,Partially cloudy,Partly cloudy throughout the day.,partly-cloudy-day,"SCEL,85577099999,85574099999"
santiago de chile,2017-06-25,16,7,11,16,6.2,10.8,8.4,84.97,0,,0,,,,,29.5,161.5,1013.4,83.2,8,,,0,,2017-06-25T07:47:07,2017-06-25T17:43:35,0.01,Partially cloudy,Partly cloudy throughout the day.,partly-cloudy-day,"SCEL,85577099999,85574099999"
santiago de chile,2017-06-26,12.5,9,10.7,12.5,9,10.7,9.3,91.09,0,,0,,,,,14.8,160,1015.8,73,7.7,,,0,,2017-06-26T07:47:13,2017-06-26T17:43:54,0.04,Partially cloudy,Partly cloudy throughout the day.,partly-cloudy-day,"SCEL,85577099999,85574099999"
santiago de chile,2017-06-27,15,7,10.5,15,7,10.5,8,85.35,0,,0,,,,,9.4,172.4,1022.6,35,7.7,,,0,,2017-06-27T07:47:18,2017-06-27T17:44:15,0.08,Partially cloudy,Partly cloudy throughout the day.,partly-cloudy-day,"SCEL,85577099999,85574099999"
santiago de chile,2017-06-28,17,2,8.9,17,1.7,8.6,5.5,81.82,0,,0,,,,,13,161.4,1022.9,4.4,6.5,,,0,,2017-06-28T07:47:21,2017-06-28T17:44:37,0.12,Clear,Clear conditions throughout the day.,clear-day,"SCEL,85577099999,85574099999"
santiago de chile,2017-06-29,17,3,9.1,17,0.4,8.7,5,78.28,0,,0,,,,,13,146.3,1024.9,4,6.8,,,0,,2017-06-29T07:47:23,2017-06-29T17:45:00,0.17,Clear,Clear conditions throughout the day.,clear-day,"SCEL,85577099999,85574099999"
santiago de chile,2017-06-30,20,2,9.9,20,-0.3,9.5,4.1,70.54,0,,0,,,,,27.7,184.6,1021.3,0.2,7.8,,,0,,2017-06-30T07:47:23,2017-06-30T17:45:24,0.22,Clear,Clear conditions throughout the day.,clear-day,"SCEL,85577099999,SCTB,85574099999"
santiago de chile,2017-07-01,24,3,11.2,24,3,11,4.6,68.86,0,,0,,,,,9.4,130.7,1015.9,0,8.5,,,0,,2017-07-01T07:47:22,2017-07-01T17:45:49,0.27,Clear,Clear conditions throughout the day.,clear-day,"SCEL,85577099999,85574099999"
santiago de chile,2017-07-02,18.7,3,8.9,18.7,1.6,8.6,6,83.8,0,,0,,,,,20.5,163.9,1016.3,14.5,5.6,,,0,,2017-07-02T07:47:19,2017-07-02T17:46:15,0.32,Clear,Clear conditions throughout the day.,clear-day,"SCEL,85577099999,85574099999"
santiago de chile,2017-07-03,10.4,7,8.9,10.4,4.8,8.1,7.5,91.09,0,,0,,,,,16.6,216.1,1019.4,88,3.6,,,0,,2017-07-03T07:47:15,2017-07-03T17:46:42,0.37,Partially cloudy,Partly cloudy throughout the day.,partly-cloudy-day,"SCEL,85577099999,85574099999"
santiago de chile,2017-07-04,10,4,7.1,10,2.1,6,5.2,88.17,0,,0,,,,,22.3,154.4,1023,62.7,6.8,,,0,,2017-07-04T07:47:09,2017-07-04T17:47:09,0.41,Partially cloudy,Partly cloudy throughout the day.,partly-cloudy-day,"SCEL,85577099999,85574099999"
santiago de chile,2017-07-05,7.6,0,4.3,7.6,-0.7,3.2,2.9,91.06,0,,0,,,,,9.4,188.8,1024.8,65.3,5.2,,,0,,2017-07-05T07:47:01,2017-07-05T17:47:38,0.44,Partially cloudy,Partly cloudy throughout the day.,partly-cloudy-day,"SCEL,85577099999,85574099999"
santiago de chile,2017-07-06,14,3,8.1,14,0.9,7.6,3.5,74.86,0,,0,,,,,9.4,132.3,1019.9,68.2,7,,,0,,2017-07-06T07:46:52,2017-07-06T17:48:08,0.47,Partially cloudy,Partly cloudy throughout the day.,partly-cloudy-day,"SCEL,85577099999,85574099999"
santiago de chile,2017-07-07,19,6,11.1,19,5.6,10.7,4.2,66.48,0,,0,,,,,13,176.7,1021.9,37.7,8.3,,,0,,2017-07-07T07:46:41,2017-07-07T17:48:38,0.49,Partially cloudy,Clearing in the afternoon.,partly-cloudy-day,"SCEL,85577099999,85574099999"
santiago de chile,2017-07-08,16,5,9.7,16,4.4,9.4,5.4,75.82,0,,0,,,,,7.6,246.2,1021.9,64.7,7.1,,,0,,2017-07-08T07:46:29,2017-07-08T17:49:10,0.5,Partially cloudy,Partly cloudy throughout the day.,partly-cloudy-day,"SCEL,85577099999,85574099999"
santiago de chile,2017-07-09,15.3,5,9.1,15.3,3.9,8.9,6.3,83.96,0,,0,,,,,14.8,144.4,1022.9,20,5,,,0,,2017-07-09T07:46:15,2017-07-09T17:49:42,0.5,Clear,Partly cloudy throughout the day.,clear-day,"SCEL,85577099999,85574099999"
santiago de chile,2017-07-10,15,3,7.9,15,0.9,7.5,6.3,90.33,0,,0,,,,,13,149.3,1020.8,29.9,2.5,,,0,,2017-07-10T07:46:00,2017-07-10T17:50:14,0.51,Partially cloudy,Partly cloudy throughout the day.,partly-cloudy-day,"SCEL,85577099999,85574099999"
santiago de chile,2017-07-11,20.2,0,9.5,20.2,-0.6,9.3,4.3,74.06,0,,0,,,,,18.4,117.3,1016.2,18.2,5.4,,,0,,2017-07-11T07:45:43,2017-07-11T17:50:48,0.53,Clear,Clear conditions throughout the day.,clear-day,"SCEL,85577099999,SCTB,85574099999"
santiago de chile,2017-07-12,14.1,6,9.6,14.1,4.4,9.1,6.3,80.35,0,,0,,,,,16.6,186,1017.8,52.1,7,,,0,,2017-07-12T07:45:24,2017-07-12T17:51:22,0.55,Partially cloudy,Partly cloudy throughout the day.,partly-cloudy-day,"SCEL,85577099999,85574099999"
santiago de chile,2017-07-13,13.1,5,9.3,13.1,5,9.1,7,86.35,0,,0,,,,,14.8,189.8,1023.2,69.5,7.1,,,0,,2017-07-13T07:45:04,2017-07-13T17:51:57,0.59,Partially cloudy,Partly cloudy throughout the day.,partly-cloudy-day,"SCEL,85577099999,85574099999"
santiago de chile,2017-07-14,13,4.8,9.1,13,4.8,8.7,6.1,82.21,0,,0,,,,,24.1,175.9,1022.9,59,8,,,0,,2017-07-14T07:44:42,2017-07-14T17:52:32,0.63,Partially cloudy,Partly cloudy throughout the day.,partly-cloudy-day,"SCEL,85577099999,85574099999"
santiago de chile,2017-07-15,9.1,0,4.1,7.6,-2.8,2.3,1.2,82.53,0,,0,,,,,29.5,182.7,1026.2,65.5,8.8,,,0,,2017-07-15T07:44:19,2017-07-15T17:53:08,0.68,Partially cloudy,Partly cloudy throughout the day.,partly-cloudy-day,"SCEL,85577099999,SCTB,85574099999"
santiago de chile,2017-07-16,9.1,0.6,4.5,9.1,-0.6,3.7,0.2,75.44,0,,0,,,,,14.8,192.5,1030.7,31.3,9.3,,,0,,2017-07-16T07:43:54,2017-07-16T17:53:44,0.74,Partially cloudy,Partly cloudy throughout the day.,partly-cloudy-day,"SCEL,85577099999,85574099999"
santiago de chile,2017-07-17,16,-2.9,4.6,16,-2.9,4.2,-1.4,70.65,0,,0,,,,,13,167.5,1026.7,0,8.9,,,0,,2017-07-17T07:43:27,2017-07-17T17:54:21,0.79,Clear,Clear conditions throughout the day.,clear-day,"SCEL,85577099999,85574099999"
santiago de chile,2017-07-18,20.6,0,9.3,20.6,-1.8,9.1,2.1,65.04,0,,0,,,,,16.6,139.1,1021.3,0,8.7,,,0,,2017-07-18T07:42:59,2017-07-18T17:54:59,0.85,Clear,Clear conditions throughout the day.,clear-day,"SCEL,85577099999,85574099999"
santiago de chile,2017-07-19,22,1.9,10.5,22,-0.7,10,3.1,65.01,0,,0,,,,,13,142.7,1020.9,1.3,8.9,,,0,,2017-07-19T07:42:30,2017-07-19T17:55:37,0.9,Clear,Clear conditions throughout the day.,clear-day,"SCEL,85577099999,85574099999"
santiago de chile,2017-07-20,21,2,10.7,21,0.9,10.4,3.2,64.51,0,,0,,,,,11.2,116.7,1019.3,0.7,9,,,0,,2017-07-20T07:41:59,2017-07-20T17:56:15,0.94,Clear,Clear conditions throughout the day.,clear-day,"SCEL,85577099999,85574099999"
santiago de chile,2017-07-21,21.7,2,10.6,21.7,2,10.4,5,70.86,0,,0,,,,,18.4,146.9,1017,2.2,8.3,,,0,,2017-07-21T07:41:26,2017-07-21T17:56:54,0.98,Clear,Clear conditions throughout the day.,clear-day,"SCEL,85577099999,85574099999"
santiago de chile,2017-07-22,11,7,9.3,11,5.2,8.7,7.8,91,0,,0,,,,,16.6,164.6,1019.9,84.6,4.1,,,0,,2017-07-22T07:40:52,2017-07-22T17:57:33,1,Partially cloudy,Partly cloudy throughout the day.,partly-cloudy-day,"SCEL,85577099999,85574099999"
santiago de chile,2017-07-23,12,6,9.1,12,4,8.6,6.7,85.95,0,,0,,,,,11.2,144.8,1023.1,82.7,5.9,,,0,,2017-07-23T07:40:16,2017-07-23T17:58:12,0,Partially cloudy,Partly cloudy throughout the day.,partly-cloudy-day,"SCEL,85577099999,85574099999"
santiago de chile,2017-07-24,14,6,9.3,14,4.4,9.2,6.6,84.1,0,,0,,,,,7.6,234.9,1022.6,49.3,5.6,,,0,,2017-07-24T07:39:39,2017-07-24T17:58:52,0.01,Partially cloudy,Partly cloudy throughout the day.,partly-cloudy-day,"SCEL,85577099999,85574099999"
santiago de chile,2017-07-25,16.4,1,6.6,16.4,0.5,6.3,4.2,86.59,0,,0,,,,,18.4,138.3,1019.7,19.8,4.3,,,0,,2017-07-25T07:39:01,2017-07-25T17:59:32,0.03,Clear,Clear conditions throughout the day.,clear-day,"SCEL,85577099999,85574099999"
santiago de chile,2017-07-26,21,0,9.2,21,-1.8,8.9,4.2,75.49,0,,0,,,,,11.2,143.5,1019,1.3,5.3,,,0,,2017-07-26T07:38:21,2017-07-26T18:00:12,0.06,Clear,Clear conditions throughout the day.,clear-day,"SCEL,85577099999,85574099999"
santiago de chile,2017-07-27,17,2,8.8,17,1.7,8.5,4.8,78.14,0,,0,,,,,16.6,153.8,1018.3,7.1,6.7,,,0,,2017-07-27T07:37:39,2017-07-27T18:00:52,0.1,Clear,Clear conditions throughout the day.,clear-day,"SCEL,85577099999,85574099999"
santiago de chile,2017-07-28,16,3,8.4,16,0.9,7.8,4.4,78.34,0,,0,,,,,13,151,1021.8,16.9,5.9,,,0,,2017-07-28T07:36:56,2017-07-28T18:01:33,0.14,Clear,Clear conditions throughout the day.,clear-day,"SCEL,85577099999,85574099999"
santiago de chile,2017-07-29,14,2,7.8,14,0.5,7.4,4.5,80.95,0,,0,,,,,14.8,161.7,1021.8,26.3,5.8,,,0,,2017-07-29T07:36:12,2017-07-29T18:02:14,0.2,Partially cloudy,Partly cloudy throughout the day.,partly-cloudy-day,"SCEL,85577099999,85574099999"
santiago de chile,2017-07-30,17,2,9.2,17,0.5,9,5.2,78.03,0,,0,,,,,16.6,154.7,1021.1,33.6,5.5,,,0,,2017-07-30T07:35:26,2017-07-30T18:02:55,0.24,Partially cloudy,Partly cloudy throughout the day.,partly-cloudy-day,"SCEL,85577099999,85574099999"
santiago de chile,2017-07-31,16.6,5,9.4,16.6,5,9.2,5.3,77.17,0,,0,,,,,18.4,153.2,1017.4,61.6,5.3,,,0,,2017-07-31T07:34:40,2017-07-31T18:03:36,0.29,Partially cloudy,Partly cloudy throughout the day.,partly-cloudy-day,"SCEL,85577099999,85574099999"
santiago de chile,2017-08-01,9,5,7.3,8.5,3.6,6.5,5.9,90.45,0,,0,,,,,13,196.7,1022.7,77.1,4.7,,,0,,2017-08-01T07:33:51,2017-08-01T18:04:17,0.34,Partially cloudy,Partly cloudy throughout the day.,partly-cloudy-day,"SCEL,85577099999,85574099999"
santiago de chile,2017-08-02,18,4,9.7,18,3.3,9.3,5.1,76.64,0,,0,,,,,13,124.1,1025,26.1,6.3,,,0,,2017-08-02T07:33:02,2017-08-02T18:04:58,0.38,Partially cloudy,Clearing in the afternoon.,partly-cloudy-day,"SCEL,85577099999,85574099999"
santiago de chile,2017-08-03,20.3,1,9.9,20.3,-0.2,9.6,3.9,70.42,0,,0,,,,,16.6,141.3,1018.6,3.8,8,,,0,,2017-08-03T07:32:11,2017-08-03T18:05:39,0.42,Clear,Clear conditions throughout the day.,clear-day,"SCEL,85577099999,SCTB,85574099999"
santiago de chile,2017-08-04,13,5,8,13,2.8,6.9,6.3,89.87,0,,0,,,,,18.4,158.8,1020.9,59.4,3.3,,,0,,2017-08-04T07:31:19,2017-08-04T18:06:21,0.45,Partially cloudy,Partly cloudy throughout the day.,partly-cloudy-day,"SCEL,85577099999,85574099999"
santiago de chile,2017-08-05,12,7,8.9,12,5.6,8.5,5.8,81.49,0,,0,,,,,13,157.9,1021.7,81.6,4.5,,,0,,2017-08-05T07:30:25,2017-08-05T18:07:02,0.48,Partially cloudy,Partly cloudy throughout the day.,partly-cloudy-day,"SCEL,85577099999,85574099999"
santiago de chile,2017-08-06,16,5,9.3,16,3.9,9.1,5.7,79.81,0,,0,,,,,9.4,155,1021.2,48.7,4.5,,,0,,2017-08-06T07:29:31,2017-08-06T18:07:44,0.49,Partially cloudy,Partly cloudy throughout the day.,partly-cloudy-day,"SCEL,85577099999,85574099999"
santiago de chile,2017-08-07,13.3,6,9.7,13.3,4.5,9.3,6.5,81.27,0,,0,,,,,21.6,172.9,1021.1,81.6,6.4,,,0,,2017-08-07T07:28:35,2017-08-07T18:08:25,0.5,Partially cloudy,Partly cloudy throughout the day.,partly-cloudy-day,"SCEL,85577099999,85574099999"
santiago de chile,2017-08-08,21,3.9,11.2,21,2.8,10.9,5.3,71.87,0,,0,,,,,13,211.9,1018.7,23.9,6.6,,,0,,2017-08-08T07:27:38,2017-08-08T18:09:06,0.51,Partially cloudy,Partly cloudy throughout the day.,partly-cloudy-day,"SCEL,85577099999,85574099999"
santiago de chile,2017-08-09,13.6,8,10.6,13.6,6.8,10.4,4.6,66.99,0,,0,,,,,16.6,170.8,1016.3,78,8.5,,,0,,2017-08-09T07:26:40,2017-08-09T18:09:48,0.52,Partially cloudy,Partly cloudy throughout the day.,partly-cloudy-day,"SCEL,85577099999,85574099999"
santiago de chile,2017-08-10,12,7,9.2,12,5.9,8.5,6.8,85.68,0,,0,,,,,22.3,173.4,1018.7,72.6,8.7,,,0,,2017-08-10T07:25:40,2017-08-10T18:10:29,0.54,Partially cloudy,Partly cloudy throughout the day.,partly-cloudy-day,"SCEL,85577099999,85574099999"
santiago de chile,2017-08-11,8,6,7.4,8,3.8,6.5,5.8,89.98,0,,0,,,,,18.4,154.4,1021.4,72.1,9.5,,,0,,2017-08-11T07:24:40,2017-08-11T18:11:11,0.57,Partially cloudy,Partly cloudy throughout the day.,partly-cloudy-day,"SCEL,85577099999,85574099999"
santiago de chile,2017-08-12,12.2,1,6.2,12.2,-0.6,5.6,3.5,84.79,0,,0,,,,,13,215.9,1026.8,47.1,6.6,,,0,,2017-08-12T07:23:38,2017-08-12T18:11:52,0.62,Partially cloudy,Clearing in the afternoon.,partly-cloudy-day,"SCEL,85577099999,85574099999"
santiago de chile,2017-08-13,11.5,5,8,11.5,3.9,7.6,5.2,83.47,0,,0,,,,,14.8,238.1,1027.5,93.6,7.7,,,0,,2017-08-13T08:22:36,2017-08-13T19:12:33,0.67,Overcast,Cloudy skies throughout the day.,cloudy,"SCEL,85577099999,85574099999"
santiago de chile,2017-08-14,17,1.6,9.1,17,0,8.5,4.9,78.31,0,,0,,,,,14.8,162.1,1024.3,8.2,8.5,,,0,,2017-08-14T08:21:32,2017-08-14T19:13:14,0.73,Clear,Clear conditions throughout the day.,clear-day,"SCEL,85577099999,85574099999"
santiago de chile,2017-08-15,16,5,9.4,16,2.4,9.1,5.8,80.16,0,,0,,,,,16.6,149.4,1023.5,63.5,6.5,,,0,,2017-08-15T08:20:28,2017-08-15T19:13:56,0.78,Partially cloudy,Partly cloudy throughout the day.,partly-cloudy-day,"SCEL,85577099999,85574099999"
santiago de chile,2017-08-16,20,3,10.7,20,0,10.1,5.1,71.76,0,,0,,,,,13,158,1021,0,7.6,,,0,,2017-08-16T08:19:22,2017-08-16T19:14:37,0.84,Clear,Clear conditions throughout the day.,clear-day,"SCEL,85577099999,85574099999"
santiago de chile,2017-08-17,22,3,11.5,22,2.1,11.3,5.4,71.07,0,,0,,,,,16.6,169.2,1019.6,1.8,7.6,,,0,,2017-08-17T08:18:16,2017-08-17T19:15:18,0.89,Clear,Clear conditions throughout the day.,clear-day,"SCEL,85577099999,85574099999"
santiago de chile,2017-08-18,12,5,8.5,12,3.3,7.5,6.7,88.17,0,,0,,,,27.7,33.5,192.7,1020.1,57.4,7,,,0,,2017-08-18T08:17:08,2017-08-18T19:15:59,0.94,Partially cloudy,Partly cloudy throughout the day.,wind,"SCEL,85577099999,85574099999"
santiago de chile,2017-08-19,15,3.9,9.5,15,3.9,9.3,6.5,82.92,0,,0,,,,,9.4,192.1,1025.6,48,7.6,,,0,,2017-08-19T08:16:00,2017-08-19T19:16:39,0.97,Partially cloudy,Partly cloudy throughout the day.,partly-cloudy-day,"SCEL,85577099999,85574099999"
santiago de chile,2017-08-20,19,0,9,19,0,8.9,3.6,74.31,0,,0,,,,,9.4,196.4,1024.2,0.4,6.7,,,0,,2017-08-20T08:14:51,2017-08-20T19:17:20,0.99,Clear,Clear conditions throughout the day.,clear-day,"SCEL,85577099999,SCTB,85574099999"
santiago de chile,2017-08-21,24,2,11.6,24,0.4,11.4,3.7,64.82,0,,0,,,,,20.5,165.2,1016.1,7.1,8.9,,,0,,2017-08-21T08:13:41,2017-08-21T19:18:01,1,Clear,Clear conditions throughout the day.,clear-day,"SCEL,85577099999,SCTB,85574099999"
santiago de chile,2017-08-22,14,5,9.4,14,3.9,9.1,5.9,79.29,0,,0,,,,,29.5,189.1,1017.3,31,8,,,0,,2017-08-22T08:12:30,2017-08-22T19:18:41,0,Partially cloudy,Partly cloudy throughout the day.,partly-cloudy-day,"SCEL,85577099999,85574099999"
santiago de chile,2017-08-23,16,6.1,10.2,16,4.8,10,6.6,79.89,0,,0,,,,,18.4,154.4,1019.3,56.2,7.2,,,0,,2017-08-23T08:11:18,2017-08-23T19:19:22,0.02,Partially cloudy,Partly cloudy throughout the day.,partly-cloudy-day,"SCEL,85577099999,85574099999"
santiago de chile,2017-08-24,14.6,7,10.6,14.6,5.2,10,7,79.9,0,,0,,,,,14.8,181.8,1017,51.5,7.3,,,0,,2017-08-24T08:10:06,2017-08-24T19:20:02,0.05,Partially cloudy,Partly cloudy throughout the day.,partly-cloudy-day,"SCEL,85577099999,85574099999"
santiago de chile,2017-08-25,16,4,9.8,16,2.8,9.3,4.8,73.31,0,,0,,,,,14.8,190.7,1020.9,48,9.4,,,0,,2017-08-25T08:08:53,2017-08-25T19:20:43,0.08,Partially cloudy,Partly cloudy throughout the day.,partly-cloudy-day,"SCEL,85577099999,85574099999"
santiago de chile,2017-08-26,14,3,8.6,14,3,8.2,5.8,83.59,0,,0,,,,,20.5,183.4,1021.6,45.4,7.5,,,0,,2017-08-26T08:07:39,2017-08-26T19:21:23,0.12,Partially cloudy,Partly cloudy throughout the day.,partly-cloudy-day,"SCEL,85577099999,85574099999"
santiago de chile,2017-08-27,16,4,9.6,16,2.8,9.5,6,79.6,0,,0,,,,,22.3,160.7,1019.5,50.6,6.6,,,0,,2017-08-27T08:06:24,2017-08-27T19:22:03,0.17,Partially cloudy,Partly cloudy throughout the day.,partly-cloudy-day,"SCEL,85577099999,85574099999"
santiago de chile,2017-08-28,15.3,5,8.9,15.3,3.9,8.2,5.4,79.52,0,,0,,,,,24.1,154.5,1020.3,77.2,9.4,,,0,,2017-08-28T08:05:09,2017-08-28T19:22:43,0.21,Partially cloudy,Partly cloudy throughout the day.,partly-cloudy-day,"SCEL,85577099999,85574099999"
santiago de chile,2017-08-29,15,4.1,9,15,3.9,8.8,4.2,74.1,0,,0,,,,,14.8,194.7,1026.5,33.1,9.4,,,0,,2017-08-29T08:03:53,2017-08-29T19:23:23,0.26,Partially cloudy,Clearing in the afternoon.,partly-cloudy-day,"SCEL,85577099999,85574099999"
santiago de chile,2017-08-30,21,1,10,21,1,10.1,4.1,71.41,0,,0,,,,,13,121.5,1020.2,0.1,8.5,,,0,,2017-08-30T08:02:37,2017-08-30T19:24:03,0.31,Clear,Clear conditions throughout the day.,clear-day,"SCEL,85577099999,SCTB,85574099999"
santiago de chile,2017-08-31,21,3,11.6,21,1.7,11.5,6.2,72.42,0,,0,,,,,20.5,177.9,1016.8,0.1,8.5,,,0,,2017-08-31T08:01:20,2017-08-31T19:24:43,0.35,Clear,Clear conditions throughout the day.,clear-day,"SCEL,85577099999,85574099999"
santiago de chile,2017-09-01,16,7,10.3,16,4.3,9.7,7.2,82.29,0,,0,,,,,16.6,181.2,1019.8,42.1,7.1,,,0,,2017-09-01T08:00:03,2017-09-01T19:25:22,0.39,Partially cloudy,Partly cloudy throughout the day.,partly-cloudy-day,"SCEL,85577099999,85574099999"
santiago de chile,2017-09-02,18,6,11.2,18,4,10.9,7.7,80.63,0,,0,,,,,24.1,189.8,1020.3,51.7,7.9,,,0,,2017-09-02T07:58:44,2017-09-02T19:26:02,0.43,Partially cloudy,Clearing in the afternoon.,partly-cloudy-day,"SCEL,85577099999,85574099999"
santiago de chile,2017-09-03,14,9,11,14,7,10.8,5.8,71.53,0,,0,,,,,16.6,185.8,1023.7,76.9,9.1,,,0,,2017-09-03T07:57:26,2017-09-03T19:26:42,0.46,Partially cloudy,Partly cloudy throughout the day.,partly-cloudy-day,"SCEL,85577099999,85574099999"
santiago de chile,2017-09-04,18,2,9.6,18,0.5,9.3,2.2,64.75,0,,0,,,,,16.6,160.6,1026.8,6.6,9.3,,,0,,2017-09-04T07:56:07,2017-09-04T19:27:21,0.48,Clear,Clear conditions throughout the day.,clear-day,"SCEL,85577099999,85574099999"
santiago de chile,2017-09-05,17.8,3,10.2,17.8,2.8,10,2.8,63.26,0,,0,,,,,18.4,172.8,1020.5,30.7,9.4,,,0,,2017-09-05T07:54:47,2017-09-05T19:28:01,0.5,Partially cloudy,Partly cloudy throughout the day.,partly-cloudy-day,"SCEL,85577099999,85574099999"
santiago de chile,2017-09-06,17.5,2,9.7,17.5,2,9.6,4.1,70.95,0,,0,,,,,20.5,169.9,1019.4,12.3,8.1,,,0,,2017-09-06T07:53:28,2017-09-06T19:28:40,0.5,Clear,Clear conditions throughout the day.,clear-day,"SCEL,85577099999,85574099999"
santiago de chile,2017-09-07,18.9,2,10.1,18.9,2,9.7,4.7,71.91,0,,0,,,,,25.9,175.4,1019,6.3,8.5,,,0,,2017-09-07T07:52:07,2017-09-07T19:29:20,0.51,Clear,Clear conditions throughout the day.,clear-day,"SCEL,85577099999,85574099999"
santiago de chile,2017-09-08,12,6,8.9,12,3.3,7.9,5.9,82.2,0,,0,,,,,18.4,179.8,1019.5,81.4,8.2,,,0,,2017-09-08T07:50:47,2017-09-08T19:29:59,0.53,Partially cloudy,Partly cloudy throughout the day.,partly-cloudy-day,"SCEL,85577099999,85574099999"
santiago de chile,2017-09-09,13,6,9.3,13,4.4,9,5.9,79.97,0,,0,,,,,11.2,176.2,1017.7,75.5,7.1,,,0,,2017-09-09T07:49:26,2017-09-09T19:30:39,0.56,Partially cloudy,Partly cloudy throughout the day.,partly-cloudy-day,"SCEL,85577099999,85574099999"
santiago de chile,2017-09-10,12.6,6,8.7,12.6,5.8,7.9,5.7,82.15,0,,0,,,,,13,169.5,1027.2,65.9,9.2,,,0,,2017-09-10T07:48:05,2017-09-10T19:31:19,0.61,Partially cloudy,Partly cloudy throughout the day.,partly-cloudy-day,"SCEL,85577099999,SCTB,85574099999"
santiago de chile,2017-09-11,12,1,6.5,12,-0.7,6.3,3.9,84.72,0,,0,,,,,9.4,160,1021,65.7,5.6,,,0,,2017-09-11T07:46:43,2017-09-11T19:31:58,0.66,Partially cloudy,Partly cloudy throughout the day.,partly-cloudy-day,"SCEL,85577099999,85574099999"
santiago de chile,2017-09-12,15.7,5,9.7,15.7,4,9.6,5.5,76.59,0,,0,,,,,24.1,147.8,1021,58.5,7.7,,,0,,2017-09-12T07:45:21,2017-09-12T19:32:38,0.71,Partially cloudy,Partly cloudy throughout the day.,partly-cloudy-day,"SCEL,85577099999,85574099999"
santiago de chile,2017-09-13,17,9,12.2,17,7.3,12.1,5.9,66.73,0,,0,,,,,16.6,177.2,1025.1,71.1,9.7,,,0,,2017-09-13T07:43:59,2017-09-13T19:33:17,0.77,Partially cloudy,Partly cloudy throughout the day.,partly-cloudy-day,"SCEL,85577099999,85574099999"
santiago de chile,2017-09-14,16,6.4,10.7,16,5.3,10.4,5.5,71.65,0,,0,,,,,16.6,181.8,1026.5,41.1,9,,,0,,2017-09-14T07:42:37,2017-09-14T19:33:57,0.83,Partially cloudy,Partly cloudy throughout the day.,partly-cloudy-day,"SCEL,85577099999,85574099999"
santiago de chile,2017-09-15,22,3,12,22,0.9,11.8,3.1,62.47,0,,0,,,,,16.6,178.6,1023,0,8,,,0,,2017-09-15T07:41:15,2017-09-15T19:34:37,0.88,Clear,Clear conditions throughout the day.,clear-day,"SCEL,85577099999,85574099999"
santiago de chile,2017-09-16,29,4,15.4,27.4,2.1,15.2,3.7,53.39,0,,0,,,,,24.1,240.9,1016.1,0,9.2,,,0,,2017-09-16T07:39:52,2017-09-16T19:35:17,0.93,Clear,Clear conditions throughout the day.,clear-day,"SCEL,85577099999,SCTB,85574099999"
santiago de chile,2017-09-17,25,7,15.3,25,5.6,15.3,7.6,63.53,0,,0,,,,,24.1,170.9,1015.5,0,9.5,,,0,,2017-09-17T07:38:30,2017-09-17T19:35:57,0.96,Clear,Clear conditions throughout the day.,clear-day,"SCEL,85577099999,85574099999"
santiago de chile,2017-09-18,16.2,7,11.3,16.2,4.8,10.8,8.8,85.84,0,,0,,,,,24.1,174.6,1015,27,5,,,0,,2017-09-18T07:37:07,2017-09-18T19:36:37,0.99,Partially cloudy,Clearing in the afternoon.,partly-cloudy-day,"SCEL,85577099999,85574099999"
santiago de chile,2017-09-19,14,9.2,11.4,14,8.4,11.4,7.5,78.35,0,,0,,,,,20.5,185.3,1020.8,78.3,7.7,,,0,,2017-09-19T07:35:44,2017-09-19T19:37:17,1,Partially cloudy,Partly cloudy throughout the day.,partly-cloudy-day,"SCEL,85577099999,SCTB,85574099999"
santiago de chile,2017-09-20,18,9,12.7,18,7.9,12.8,5.9,65.09,0,,0,,,,,16.6,178.7,1024.3,50,10,,,0,,2017-09-20T07:34:22,2017-09-20T19:37:57,0,Partially cloudy,Partly cloudy throughout the day.,partly-cloudy-day,"SCEL,85577099999,85574099999"
santiago de chile,2017-09-21,22,4,12.9,22,2.8,12.8,6.1,67.44,0,,0,,,,,20.5,151.4,1022.2,1.6,8.8,,,0,,2017-09-21T07:32:59,2017-09-21T19:38:37,0.01,Clear,Clear conditions throughout the day.,clear-day,"SCEL,85577099999,85574099999"
santiago de chile,2017-09-22,26,5,15.4,26,3.3,15.4,6.6,61.92,0,,0,,,,,18.4,211.6,1018.5,7,9.9,,,0,,2017-09-22T07:31:36,2017-09-22T19:39:18,0.03,Clear,Clear conditions throughout the day.,clear-day,"SCEL,85577099999,85574099999"
santiago de chile,2017-09-23,28.8,7,16.3,27.3,7,16.3,6.7,57.29,0,,0,,,,,33.5,161.1,1014.5,1.9,9.7,,,0,,2017-09-23T07:30:13,2017-09-23T19:39:59,0.06,Clear,Clear conditions throughout the day.,wind,"SCEL,85577099999,85574099999"
santiago de chile,2017-09-24,22,9,14.6,22,7.9,14.6,8.4,68.55,0,,0,,,,,24.1,189.3,1020,14.8,9.8,,,0,,2017-09-24T07:28:51,2017-09-24T19:40:39,0.09,Clear,Clear conditions throughout the day.,clear-day,"SCEL,85577099999,85574099999"
santiago de chile,2017-09-25,24,7,15.2,24,6.2,15.2,7.4,63.54,0,,0,,,,,18.4,153,1019.9,11.9,9.7,,,0,,2017-09-25T07:27:28,2017-09-25T19:41:20,0.13,Clear,Clear conditions throughout the day.,clear-day,"SCEL,85577099999,SCTB,85574099999"
santiago de chile,2017-09-26,23,8,15.3,23,7.4,15.2,5.7,55.93,0,,0,,,,,20.5,140.9,1016.7,29.6,9.1,,,0,,2017-09-26T07:26:06,2017-09-26T19:42:02,0.18,Partially cloudy,Partly cloudy throughout the day.,partly-cloudy-day,"SCEL,85577099999,85574099999"
santiago de chile,2017-09-27,24,8,15.7,24,7.9,15.7,6.9,58.03,0,,0,,,,,18.4,170.3,1013.8,30.4,9.4,,,0,,2017-09-27T07:24:44,2017-09-27T19:42:43,0.22,Partially cloudy,Partly cloudy throughout the day.,partly-cloudy-day,"SCEL,85577099999,85574099999"
santiago de chile,2017-09-28,22,10,15,22,10,15,8,64.54,0,,0,,,,,24.1,201.2,1016.2,80,8.7,,,0,,2017-09-28T07:23:22,2017-09-28T19:43:25,0.27,Partially cloudy,Partly cloudy throughout the day.,partly-cloudy-day,"SCEL,85577099999,85574099999"
santiago de chile,2017-09-29,23,12,16.2,23,12,16.3,9.7,67.49,0,,0,,,,,25.9,177.5,1017.4,70.4,7.4,,,0,,2017-09-29T07:22:00,2017-09-29T19:44:07,0.32,Partially cloudy,Partly cloudy throughout the day.,partly-cloudy-day,"SCEL,85577099999,85574099999"
santiago de chile,2017-09-30,14,7,10.9,13,3.4,10.3,5,70.87,0,,0,,,,,37.1,184.4,1017,78.9,9.2,,,0,,2017-09-30T07:20:39,2017-09-30T19:44:49,0.36,Partially cloudy,Partly cloudy throughout the day.,wind,"SCEL,85577099999,85574099999"
santiago de chile,2017-10-01,16.6,7.9,11.6,16.6,7.3,11.4,7,76.18,0,,0,,,,,24.1,188,1020.6,28.9,7.5,,,0,,2017-10-01T07:19:17,2017-10-01T19:45:31,0.4,Partially cloudy,Partly cloudy throughout the day.,partly-cloudy-day,"SCEL,85577099999,85574099999"
santiago de chile,2017-10-02,17,4,11.2,17,3.9,11.2,5.6,70.59,0,,0,,,,,16.6,174.1,1021.7,53.7,8.6,,,0,,2017-10-02T07:17:56,2017-10-02T19:46:14,0.44,Partially cloudy,Partly cloudy throughout the day.,partly-cloudy-day,"SCEL,85577099999,85574099999"
santiago de chile,2017-10-03,26,7,15.6,26,7,15.7,6.4,60.59,0,,0,,,,,25.9,143.3,1018.2,21.6,8.6,,,0,,2017-10-03T07:16:36,2017-10-03T19:46:57,0.47,Partially cloudy,Partly cloudy throughout the day.,partly-cloudy-day,"SCEL,85577099999,85574099999"
santiago de chile,2017-10-04,18,9,13,18,6.3,12.6,6.3,66.26,0,,0,,,,,24.1,185.5,1015.6,58.5,9.9,,,0,,2017-10-04T07:15:16,2017-10-04T19:47:40,0.49,Partially cloudy,Partly cloudy throughout the day.,partly-cloudy-day,"SCEL,85577099999,85574099999"
santiago de chile,2017-10-05,17.2,7,11.8,17.2,4.3,11,7.4,75.64,0,,0,,,,,31.7,170.9,1021.9,70.6,8.8,,,0,,2017-10-05T07:13:56,2017-10-05T19:48:24,0.5,Partially cloudy,Partly cloudy throughout the day.,wind,"SCEL,85577099999,85574099999"
santiago de chile,2017-10-06,25,7,15.9,25,5.6,15.9,8.3,64.67,0,,0,,,,,22.3,157.7,1017.6,21.4,9.9,,,0,,2017-10-06T07:12:37,2017-10-06T19:49:07,0.51,Partially cloudy,Partly cloudy throughout the day.,partly-cloudy-day,"SCEL,85577099999,85574099999"
santiago de chile,2017-10-07,16,10,12.8,16,10,12.7,9.7,81.85,0,,0,,,,,29.5,176.3,1020,37.3,8.9,,,0,,2017-10-07T07:11:18,2017-10-07T19:49:52,0.53,Partially cloudy,Becoming cloudy in the afternoon.,partly-cloudy-day,"SCEL,85577099999,85574099999"
santiago de chile,2017-10-08,19,9,13.1,19,7,13.1,7.6,71.08,0,,0,,,,,20.5,185.6,1021.9,49.1,9.8,,,0,,2017-10-08T07:09:59,2017-10-08T19:50:36,0.55,Partially cloudy,Partly cloudy throughout the day.,partly-cloudy-day,"SCEL,85577099999,85574099999"
santiago de chile,2017-10-09,20,6,13.5,20,6,13.5,7.1,68.68,0,,0,,,,,22.3,160.1,1018.8,30.3,8.9,,,0,,2017-10-09T07:08:41,2017-10-09T19:51:21,0.59,Partially cloudy,Partly cloudy throughout the day.,partly-cloudy-day,"SCEL,85577099999,85574099999"
santiago de chile,2017-10-10,18,8.3,12.9,18,7.9,12.9,4.1,56.42,0,,0,,,,,27.7,180.6,1018.1,44.9,10,,,0,,2017-10-10T07:07:24,2017-10-10T19:52:06,0.64,Partially cloudy,Partly cloudy throughout the day.,partly-cloudy-day,"SCEL,85577099999,85574099999"
santiago de chile,2017-10-11,15,5,10.1,15,4.4,9.9,4.4,69.7,0,,0,,,,,27.7,181,1019.1,52.7,10,,,0,,2017-10-11T07:06:07,2017-10-11T19:52:51,0.7,Partially cloudy,Partly cloudy throughout the day.,partly-cloudy-day,"SCEL,85577099999,85574099999"
santiago de chile,2017-10-12,18,7,12.2,18,6,11.8,3.4,57.35,0,,0,,,,,22.3,183.9,1022,37.1,10,,,0,,2017-10-12T07:04:51,2017-10-12T19:53:37,0.76,Partially cloudy,Partly cloudy throughout the day.,partly-cloudy-day,"SCEL,85577099999,85574099999"
santiago de chile,2017-10-13,23,5,14.1,23,5,14.2,5.5,61.41,0,,0,,,,,20.5,154.9,1021,0,9.3,,,0,,2017-10-13T07:03:36,2017-10-13T19:54:24,0.81,Clear,Clear conditions throughout the day.,clear-day,"SCEL,85577099999,85574099999"
santiago de chile,2017-10-14,28.1,6,17.4,27,6,17.4,6.6,56.16,0,,0,,,,,20.5,173.2,1014.3,0,9.7,,,0,,2017-10-14T07:02:21,2017-10-14T19:55:10,0.86,Clear,Clear conditions throughout the day.,clear-day,"SCEL,85577099999,85574099999"
santiago de chile,2017-10-15,24,8,17,24,8,17,9,62.61,0,,0,,,,,27.7,165,1011.3,0,9.6,,,0,,2017-10-15T07:01:07,2017-10-15T19:55:57,0.91,Clear,Clear conditions throughout the day.,clear-day,"SCEL,85577099999,85574099999"
santiago de chile,2017-10-16,20,7,13.1,20,4.5,12.6,8.2,74.08,0,,0,,,,,24.1,175.7,1016.1,27.3,8.3,,,0,,2017-10-16T06:59:54,2017-10-16T19:56:45,0.95,Partially cloudy,Clearing in the afternoon.,partly-cloudy-day,"SCEL,85577099999,85574099999"
santiago de chile,2017-10-17,21.5,7,13.9,21.5,5.6,13.9,8.3,71.64,0,,0,,,,,27.7,142.9,1017.8,56.1,7.8,,,0,,2017-10-17T06:58:41,2017-10-17T19:57:33,0.98,Partially cloudy,Partly cloudy throughout the day.,partly-cloudy-day,"SCEL,85577099999,85574099999"
santiago de chile,2017-10-18,22,10.7,15.3,22,10.7,15.4,9,68.35,0,,0,,,,,20.5,171.3,1019.1,46.6,10,,,0,,2017-10-18T06:57:29,2017-10-18T19:58:21,1,Partially cloudy,Clearing in the afternoon.,partly-cloudy-day,"SCEL,85577099999,85574099999"
santiago de chile,2017-10-19,27.3,8,17.8,26.6,7.4,17.7,7.9,57.97,0,,0,,,,,33.5,215.9,1014.7,15.8,9,,,0,,2017-10-19T06:56:19,2017-10-19T19:59:09,1,Clear,Clear conditions throughout the day.,wind,"SCEL,85577099999,85574099999"
santiago de chile,2017-10-20,17,12,14.9,17,12,14.8,7.7,62.4,0,,0,,,,,24.1,178,1016.3,84.3,10,,,0,,2017-10-20T06:55:09,2017-10-20T19:59:58,0,Partially cloudy,Partly cloudy throughout the day.,partly-cloudy-day,"SCEL,85577099999,85574099999"
santiago de chile,2017-10-21,27,6,16.7,26.6,4,16.6,5.9,55.26,0,,0,,,,,20.5,181.8,1016.6,1.2,8.9,,,0,,2017-10-21T06:53:59,2017-10-21T20:00:48,0.02,Clear,Clear conditions throughout the day.,clear-day,"SCEL,85577099999,85574099999"
santiago de chile,2017-10-22,28,9,19,26.9,7.9,18.9,6,47.11,0,,0,,,,,25.9,188.2,1015,16.8,9,,,0,,2017-10-22T06:52:51,2017-10-22T20:01:38,0.04,Clear,Clear conditions throughout the day.,clear-day,"SCEL,85577099999,85574099999"
santiago de chile,2017-10-23,27.4,13,19.7,26.3,13,19.7,3.1,36.64,0,,0,,,,,29.5,173.7,1015.6,39.1,9.6,,,0,,2017-10-23T06:51:44,2017-10-23T20:02:28,0.07,Partially cloudy,Partly cloudy throughout the day.,partly-cloudy-day,"SCEL,85577099999,85574099999"
santiago de chile,2017-10-24,25,9,17.5,25,8.5,17.5,5,45.99,0,,0,,,,,24.1,182.1,1017.2,7.7,10,,,0,,2017-10-24T06:50:38,2017-10-24T20:03:18,0.1,Clear,Clear conditions throughout the day.,clear-day,"SCEL,85577099999,85574099999"
santiago de chile,2017-10-25,26,11,17.5,26,11,17.6,8.7,58.67,0,,0,,,,,24.1,177.4,1014.8,0,9.6,,,0,,2017-10-25T06:49:33,2017-10-25T20:04:09,0.14,Clear,Clear conditions throughout the day.,clear-day,"SCEL,85577099999,85574099999"
santiago de chile,2017-10-26,22,10,15.7,22,10,15.7,8.6,64.04,0,,0,,,,,25.9,184.9,1017.1,8.6,10,,,0,,2017-10-26T06:48:29,2017-10-26T20:05:01,0.18,Clear,Clear conditions throughout the day.,clear-day,"SCEL,85577099999,85574099999"
santiago de chile,2017-10-27,26,9,17,26,7.9,17.2,8.9,62.6,0,,0,,,,,27.7,180.1,1015.2,15.3,8.5,,,0,,2017-10-27T06:47:26,2017-10-27T20:05:53,0.23,Clear,Clear conditions throughout the day.,clear-day,"SCEL,85577099999,85574099999"
santiago de chile,2017-10-28,19,9,13,19,6.7,12.6,7.1,68.86,0,,0,,,,,33.5,177.8,1017.1,41.5,10,,,0,,2017-10-28T06:46:24,2017-10-28T20:06:45,0.28,Partially cloudy,Partly cloudy throughout the day.,wind,"SCEL,85577099999,85574099999"
santiago de chile,2017-10-29,18,10,12.4,18,10,12.5,6.1,67.02,0,,0,,,,,22.3,180.2,1020.4,72.4,10,,,0,,2017-10-29T06:45:23,2017-10-29T20:07:38,0.33,Partially cloudy,Partly cloudy throughout the day.,partly-cloudy-day,"SCEL,85577099999,85574099999"
santiago de chile,2017-10-30,23,5,13.9,23,3.9,13.8,3.9,54.31,0,,0,,,,,20.5,216,1020.5,2.5,9.7,,,0,,2017-10-30T06:44:23,2017-10-30T20:08:31,0.37,Clear,Clear conditions throughout the day.,clear-day,"SCEL,85577099999,85574099999"
santiago de chile,2017-10-31,22,6,13.9,22,5.1,14,5,57.09,0,,0,,,,,24.1,175.5,1018.1,36,9.9,,,0,,2017-10-31T06:43:25,2017-10-31T20:09:24,0.42,Partially cloudy,Partly cloudy throughout the day.,partly-cloudy-day,"SCEL,85577099999,85574099999"
santiago de chile,2017-11-01,17,9,12.9,17,9,12.9,5.8,63.34,0,,0,,,,,16.6,169.5,1017.2,90.7,10,,,0,,2017-11-01T06:42:28,2017-11-01T20:10:18,0.45,Overcast,Cloudy skies throughout the day.,cloudy,"SCEL,85577099999,85574099999"
santiago de chile,2017-11-02,16,11,13.3,16,11,13.3,8.2,72.47,0,,0,,,,,31.7,196.2,1018.2,71.4,10,,,0,,2017-11-02T06:41:32,2017-11-02T20:11:12,0.48,Partially cloudy,Partly cloudy throughout the day.,wind,"SCEL,85577099999,85574099999"
santiago de chile,2017-11-03,23,10,15.1,23,10,15.2,6.7,59.16,0,,0,,,,,29.5,191.1,1018.3,63.7,10,,,0,,2017-11-03T06:40:38,2017-11-03T20:12:06,0.5,Partially cloudy,Partly cloudy throughout the day.,partly-cloudy-day,"SCEL,85577099999,85574099999"
santiago de chile,2017-11-04,21,11,15.5,21,11,15.5,6.5,56.16,0,,0,,,,,25.9,183.4,1016.8,77.2,10,,,0,,2017-11-04T06:39:45,2017-11-04T20:13:01,0.5,Partially cloudy,Partly cloudy throughout the day.,partly-cloudy-day,"SCEL,85577099999,SCTB,85574099999"
santiago de chile,2017-11-05,27.1,11,18.7,26.4,11,18.8,8.4,55.05,0,,0,,,,33.5,25.9,182,1016.3,40.7,9.8,,,0,,2017-11-05T06:38:53,2017-11-05T20:13:55,0.52,Partially cloudy,Clearing in the afternoon.,partly-cloudy-day,"SCEL,85577099999,85574099999"
santiago de chile,2017-11-06,23,12,18.3,23,12,18.3,11.8,67.24,0,,0,,,,,24.1,174.2,1015.7,65.4,9.9,,,0,,2017-11-06T06:38:03,2017-11-06T20:14:51,0.54,Partially cloudy,Partly cloudy throughout the day.,partly-cloudy-day,"SCEL,85577099999,85574099999"
santiago de chile,2017-11-07,23,13,17.7,23,13,17.8,12.2,72.74,0,,0,,,,,25.9,177.2,1016.1,73.6,8.7,,,0,,2017-11-07T06:37:14,2017-11-07T20:15:46,0.57,Partially cloudy,Partly cloudy throughout the day.,partly-cloudy-day,"SCEL,85577099999,85574099999"
santiago de chile,2017-11-08,27,14,19.6,26.5,14,19.7,10.4,58.38,0,,0,,,,,25.9,167.1,1015.5,65.6,10,,,0,,2017-11-08T06:36:26,2017-11-08T20:16:42,0.63,Partially cloudy,Partly cloudy throughout the day.,partly-cloudy-day,"SCEL,85577099999,85574099999"
santiago de chile,2017-11-09,28,13,20.1,26.9,13,20,7.6,47.9,0,,0,,,,31.7,27.7,180.6,1016.6,7.9,9.9,,,0,,2017-11-09T06:35:40,2017-11-09T20:17:38,0.68,Clear,Clear conditions throughout the day.,clear-day,"SCEL,85577099999,85574099999"
santiago de chile,2017-11-10,32,12,21.6,29.9,12,21.2,7.1,44.72,0,,0,,,,,25.9,182.1,1012.3,1.3,9.8,,,0,,2017-11-10T06:34:56,2017-11-10T20:18:34,0.74,Clear,Clear conditions throughout the day.,clear-day,"SCEL,85577099999,85574099999"
santiago de chile,2017-11-11,31.9,11,22.6,29.8,11,22.1,7.3,40.99,0,,0,,,,,27.7,156,1009.9,0,9.7,,,0,,2017-11-11T06:34:13,2017-11-11T20:19:30,0.79,Clear,Clear conditions throughout the day.,clear-day,"SCEL,85577099999,85574099999"
santiago de chile,2017-11-12,29,14,21.2,27.9,14,21,8.9,47.84,0,,0,,,,,29.5,187,1010.7,0,8.4,,,0,,2017-11-12T06:33:32,2017-11-12T20:20:26,0.84,Clear,Clear conditions throughout the day.,clear-day,"SCEL,85577099999,85574099999"
santiago de chile,2017-11-13,27.2,10,17.6,26.9,10,17.6,9.4,61.08,0,,0,,,,,24.1,159.2,1013,0,9.6,,,0,,2017-11-13T06:32:52,2017-11-13T20:21:23,0.89,Clear,Clear conditions throughout the day.,clear-day,"SCEL,85577099999,85574099999"
santiago de chile,2017-11-14,27,12,18.7,27,12,18.8,11.7,66.08,0,,0,,,,,31.7,189.9,1013.3,2.1,9.4,,,0,,2017-11-14T06:32:14,2017-11-14T20:22:20,0.93,Clear,Clear conditions throughout the day.,wind,"SCEL,85577099999,85574099999"
santiago de chile,2017-11-15,24,13,17.1,24,13,17.3,8.1,59.56,0,,0,,,,,27.7,185.6,1018.2,49.5,9.6,,,0,,2017-11-15T06:31:37,2017-11-15T20:23:16,0.96,Partially cloudy,Partly cloudy throughout the day.,partly-cloudy-day,"SCEL,85577099999,85574099999"
santiago de chile,2017-11-16,27,9,18.4,26.2,8.5,18.4,4.9,43.48,0,,0,,,,37.1,25.9,201.1,1016.6,0,9.4,,,0,,2017-11-16T06:31:02,2017-11-16T20:24:13,0.99,Clear,Clear conditions throughout the day.,clear-day,"SCEL,85577099999,85574099999"
santiago de chile,2017-11-17,26.1,11,18.6,26.1,11,18.6,6.4,48.04,0,,0,,,,,27.7,182.1,1016,17.2,9.8,,,0,,2017-11-17T06:30:29,2017-11-17T20:25:09,1,Clear,Clear conditions throughout the day.,clear-day,"SCEL,85577099999,85574099999"
santiago de chile,2017-11-18,26.2,11,17.1,26.2,11,17.1,4.8,45.45,0,,0,,,,,24.1,182,1015.6,0,10,,,0,,2017-11-18T06:29:58,2017-11-18T20:26:06,0,Clear,Clear conditions throughout the day.,clear-day,"SCEL,85577099999,85574099999"
santiago de chile,2017-11-19,29.6,10,20.3,27.9,10,20.1,5.6,41.49,0,,0,,,,,40.7,181.7,1013.7,1.1,9.6,,,0,,2017-11-19T06:29:28,2017-11-19T20:27:02,0.01,Clear,Clear conditions throughout the day.,wind,"SCEL,85577099999,85574099999"
santiago de chile,2017-11-20,23,12,17.7,23,12,17.7,5,45.99,0,,0,,,,44.6,24.1,173.2,1016.1,13.7,10,,,0,,2017-11-20T06:29:00,2017-11-20T20:27:59,0.02,Clear,Clear conditions throughout the day.,clear-day,"SCEL,85577099999,85574099999"
santiago de chile,2017-11-21,30,9,19.6,28.2,7.9,19.4,3.8,39.65,0,,0,,,,,24.1,185.8,1016.9,0,9.5,,,0,,2017-11-21T06:28:34,2017-11-21T20:28:55,0.04,Clear,Clear conditions throughout the day.,clear-day,"SCEL,85577099999,85574099999"
santiago de chile,2017-11-22,32,12,22.5,29.9,12,22,4.6,34.55,0,,0,,,,,31.7,201.9,1012.1,0,10,,,0,,2017-11-22T06:28:10,2017-11-22T20:29:51,0.07,Clear,Clear conditions throughout the day.,wind,"SCEL,85577099999,85574099999"
santiago de chile,2017-11-23,29.7,14,21.6,28.2,14,21.3,6,38.01,0,,0,,,,,33.5,192.1,1011.5,0,9.7,,,0,,2017-11-23T06:27:47,2017-11-23T20:30:47,0.11,Clear,Clear conditions throughout the day.,wind,"SCEL,85577099999,85574099999"
santiago de chile,2017-11-24,24,10,16.9,24,10,16.9,6.1,51.79,0,,0,,,,,27.7,179,1018,0,9.7,,,0,,2017-11-24T06:27:26,2017-11-24T20:31:42,0.14,Clear,Clear conditions throughout the day.,clear-day,"SCEL,85577099999,85574099999"
santiago de chile,2017-11-25,31,9.7,20.3,29.1,9.7,20.1,7.1,48.1,0,,0,,,,,25.9,179.1,1015.2,0,10,,,0,,2017-11-25T06:27:07,2017-11-25T20:32:37,0.19,Clear,Clear conditions throughout the day.,clear-day,"SCEL,85577099999,85574099999"
santiago de chile,2017-11-26,28.2,13,20.8,27.2,13,20.7,8.2,46.26,0,,0,,,,,29.5,188.2,1012.8,0,9.9,,,0,,2017-11-26T06:26:50,2017-11-26T20:33:32,0.24,Clear,Clear conditions throughout the day.,clear-day,"SCEL,85577099999,85574099999"
santiago de chile,2017-11-27,29,11,19.4,28.3,11,19.5,10.6,59.85,0,,0,,,,,27.7,183.1,1011.5,2.6,9.8,,,0,,2017-11-27T06:26:35,2017-11-27T20:34:26,0.29,Clear,Clear conditions throughout the day.,clear-day,"SCEL,85577099999,85574099999"
santiago de chile,2017-11-28,24,11,16.4,24,11,16.4,10.7,70.61,0,,0,,,,,27.7,169.7,1014.2,15.3,8.5,,,0,,2017-11-28T06:26:22,2017-11-28T20:35:20,0.34,Clear,Clear conditions throughout the day.,clear-day,"SCEL,85577099999,85574099999"
santiago de chile,2017-11-29,24,11.8,17.1,24,11.8,17.3,9.9,65.63,0,,0,,,,,25.9,184.2,1017.3,28.4,9,,,0,,2017-11-29T06:26:10,2017-11-29T20:36:13,0.39,Partially cloudy,Clearing in the afternoon.,partly-cloudy-day,"SCEL,85577099999,85574099999"
santiago de chile,2017-11-30,28,12.3,19.8,27.2,12.3,19.8,9.5,54.34,0,,0,,,,,33.5,177.4,1012.1,14.7,9.7,,,0,,2017-11-30T06:26:00,2017-11-30T20:37:06,0.43,Clear,Clear conditions throughout the day.,wind,"SCEL,85577099999,85574099999"
santiago de chile,2017-12-01,26,13,18.8,26,13,18.8,9.5,56.4,0,,0,,,,,25.9,183,1011.5,19.2,9.9,,,0,,2017-12-01T06:25:53,2017-12-01T20:37:58,0.47,Clear,Clear conditions throughout the day.,clear-day,"SCEL,85577099999,85574099999"
santiago de chile,2017-12-02,21,11,15.7,21,11,15.7,10.3,72.01,0,,0,,,,,27.7,172.9,1015,19.4,8.9,,,0,,2017-12-02T06:25:47,2017-12-02T20:38:49,0.49,Clear,Clear conditions throughout the day.,clear-day,"SCEL,85577099999,85574099999"
santiago de chile,2017-12-03,26,13,18.5,26,13,18.7,10,60.28,0,,0,,,,,22.3,179.1,1015.5,45.3,10,,,0,,2017-12-03T06:25:43,2017-12-03T20:39:40,0.5,Partially cloudy,Clearing in the afternoon.,partly-cloudy-day,"SCEL,85577099999,85574099999"
santiago de chile,2017-12-04,28,12,19.4,27.3,12,19.5,10,57.33,0,,0,,,,,27.7,180,1011.6,12.3,10,,,0,,2017-12-04T06:25:41,2017-12-04T20:40:30,0.51,Clear,Clear conditions throughout the day.,clear-day,"SCEL,85577099999,85574099999"
santiago de chile,2017-12-05,27,11,18.1,26.8,11,18.1,11.5,69.11,0,,0,,,,,25.9,179.7,1013.5,21.7,8.3,,,0,,2017-12-05T06:25:41,2017-12-05T20:41:19,0.53,Partially cloudy,Clearing in the afternoon.,partly-cloudy-day,"SCEL,85577099999,85574099999"
santiago de chile,2017-12-06,28,11,18.4,27.1,11,18.4,10.3,65.37,0,,0,,,,,31.7,170.2,1014.7,25,7.6,,,0,,2017-12-06T06:25:42,2017-12-06T20:42:07,0.56,Partially cloudy,Clearing in the afternoon.,wind,"SCEL,85577099999,85574099999"
santiago de chile,2017-12-07,29,10,19.6,28,10,19.6,10.8,61.2,0,,0,,,,,25.9,183.1,1013.2,3.2,9.2,,,0,,2017-12-07T06:25:46,2017-12-07T20:42:55,0.61,Clear,Clear conditions throughout the day.,clear-day,"SCEL,85577099999,85574099999"
santiago de chile,2017-12-08,26,12,18.6,26,12,18.8,10.8,64.75,0,,0,,,,,27.7,175.7,1014.9,22.8,8.2,,,0,,2017-12-08T06:25:52,2017-12-08T20:43:41,0.66,Partially cloudy,Clearing in the afternoon.,partly-cloudy-day,"SCEL,85577099999,85574099999"
santiago de chile,2017-12-09,31,11,21.7,29.1,11,21.4,7.9,46.56,0,,0,,,,,29.5,183.3,1014.5,0.1,10,,,0,,2017-12-09T06:25:59,2017-12-09T20:44:26,0.71,Clear,Clear conditions throughout the day.,clear-day,"SCEL,85577099999,85574099999"
santiago de chile,2017-12-10,34,14,23.1,32,14,22.6,9.8,47.09,0,,0,,,,,37.1,190.6,1011.7,1.8,9.4,,,0,,2017-12-10T06:26:08,2017-12-10T20:45:11,0.77,Clear,Clear conditions throughout the day.,wind,"SCEL,85577099999,85574099999"
santiago de chile,2017-12-11,27,13,18.2,26.8,13,18.3,12.3,71.02,0,,0,,,,,25.9,176.8,1013.9,9.7,8.8,,,0,,2017-12-11T06:26:19,2017-12-11T20:45:54,0.82,Clear,Clear conditions throughout the day.,clear-day,"SCEL,85577099999,85574099999"
santiago de chile,2017-12-12,24,13,17.1,24,13,17.2,11.2,69.97,0,,0,,,,,25.9,200.3,1016.8,41.7,10,,,0,,2017-12-12T06:26:32,2017-12-12T20:46:36,0.87,Partially cloudy,Partly cloudy throughout the day.,partly-cloudy-day,"SCEL,85577099999,85574099999"
santiago de chile,2017-12-13,27.1,13.9,19.9,26.8,13.9,20,10.7,59.22,0,,0,,,,,25.9,180.6,1017.9,33.6,10,,,0,,2017-12-13T06:26:47,2017-12-13T20:47:17,0.91,Partially cloudy,Clearing in the afternoon.,partly-cloudy-day,"SCEL,85577099999,85574099999"
santiago de chile,2017-12-14,33,12,22.9,30.9,12,22.5,9.1,48.02,0,,0,,,,,25.9,168.6,1014.1,0,9.7,,,0,,2017-12-14T06:27:03,2017-12-14T20:47:57,0.94,Clear,Clear conditions throughout the day.,clear-day,"SCEL,85577099999,85574099999"
santiago de chile,2017-12-15,35,15,25.2,32.7,15,24.5,8,36.16,0,,0,,,,,35.3,165.4,1009.7,0,9.9,,,0,,2017-12-15T06:27:22,2017-12-15T20:48:35,0.97,Clear,Clear conditions throughout the day.,wind,"SCEL,85577099999,85574099999"
santiago de chile,2017-12-16,28.1,14,20.6,27.3,14,20.6,8.6,47.72,0,,0,,,,53.6,35.3,180.6,1012.1,10,9.9,,,0,,2017-12-16T06:27:42,2017-12-16T20:49:13,0.99,Clear,Clear conditions throughout the day.,wind,"SCEL,85577099999,85574099999"
santiago de chile,2017-12-17,32,12,21.4,30.2,12,21.2,9,48.81,0,,0,,,,,24.1,192,1012.4,3.3,9.8,,,0,,2017-12-17T06:28:03,2017-12-17T20:49:49,1,Clear,Clear conditions throughout the day.,clear-day,"SCEL,85577099999,85574099999"
santiago de chile,2017-12-18,29,14,22.1,27.6,14,21.9,7.9,42.27,0,,0,,,,,25.9,193.4,1011.9,18.3,10,,,0,,2017-12-18T06:28:27,2017-12-18T20:50:23,0,Clear,Clear conditions throughout the day.,clear-day,"SCEL,85577099999,85574099999"
santiago de chile,2017-12-19,32,14.3,24.2,30,14.3,23.9,8,38.07,0,,0,,,,,29.5,186.8,1013.7,0,9.8,,,0,,2017-12-19T06:28:52,2017-12-19T20:50:56,0.01,Clear,Clear conditions throughout the day.,clear-day,"SCEL,85577099999,85574099999"
santiago de chile,2017-12-20,30,15,23.3,28.6,15,22.9,7.6,38.46,0,,0,,,,,31.7,188.1,1011.9,0,9.9,,,0,,2017-12-20T06:29:19,2017-12-20T20:51:28,0.02,Clear,Clear conditions throughout the day.,wind,"SCEL,85577099999,85574099999"
santiago de chile,2017-12-21,32,14,23.6,30.4,14,23.3,9,42.28,0,,0,,,,,29.5,191.9,,0,9.9,,,0,,2017-12-21T06:29:47,2017-12-21T20:51:58,0.05,Clear,Clear conditions throughout the day.,clear-day,"SCEL,85574099999"
santiago de chile,2017-12-22,30,14,23,28.2,14,22.5,5.7,35.8,0,,0,,,,,29.5,185,,0,10,,,0,,2017-12-22T06:30:18,2017-12-22T20:52:26,0.08,Clear,Clear conditions throughout the day.,clear-day,"SCEL,85574099999"
santiago de chile,2017-12-23,30,15,22.9,28.3,15,22.5,5.6,34.62,0,,0,,,,,31.7,175.3,,0,9.7,,,0,,2017-12-23T06:30:49,2017-12-23T20:52:53,0.12,Clear,Clear conditions throughout the day.,wind,"SCEL,85574099999"
santiago de chile,2017-12-24,32,13,22.8,29.8,13,22.2,3.8,32.8,0,,0,,,,,27.7,160.5,,0,9.8,,,0,,2017-12-24T06:31:22,2017-12-24T20:53:18,0.16,Clear,Clear conditions throughout the day.,clear-day,"SCEL,85574099999"
santiago de chile,2017-12-25,32,14,23.2,30,14,22.7,6.4,36.13,0,,0,,,,,31.7,171.4,1013,0,9.3,,,0,,2017-12-25T06:31:57,2017-12-25T20:53:42,0.21,Clear,Clear conditions throughout the day.,wind,"SCEL,85577099999,85574099999"
santiago de chile,2017-12-26,30,13,22,28.8,13,21.8,10,50.6,0,,0,,,,,27.7,184.8,,0,10,,,0,,2017-12-26T06:32:33,2017-12-26T20:54:04,0.26,Clear,Clear conditions throughout the day.,clear-day,"SCEL,85574099999"
santiago de chile,2017-12-27,31,15,23.5,29.3,15,23.1,9.1,42.81,0,,0,,,,,27.7,199.4,,0,9.8,,,0,,2017-12-27T06:33:11,2017-12-27T20:54:24,0.31,Clear,Clear conditions throughout the day.,clear-day,"SCEL,85574099999"
santiago de chile,2017-12-28,32,15,24.4,30.2,15,23.9,8.7,40.11,0,,0,,,,,29.5,171,1013.4,0,9.9,,,0,,2017-12-28T06:33:50,2017-12-28T20:54:43,0.36,Clear,Clear conditions throughout the day.,clear-day,"SCEL,85577099999,85574099999"
santiago de chile,2017-12-29,32,14,24,30.6,14,23.5,10.2,46.08,0,,0,,,,,35.3,191,1012.5,0,9.7,,,0,,2017-12-29T06:34:30,2017-12-29T20:55:00,0.41,Clear,Clear conditions throughout the day.,wind,"SCEL,85577099999,85574099999"
santiago de chile,2017-12-30,31,15,23.3,29.1,15,22.9,7.9,40.08,0,,0,,,,,31.7,185.4,1013.6,0.5,10,,,0,,2017-12-30T06:35:12,2017-12-30T20:55:15,0.45,Clear,Clear conditions throughout the day.,wind,"SCEL,85577099999,85574099999"
santiago de chile,2017-12-31,26.1,16,20.9,26.1,16,20.9,11.6,56.29,0,,0,,,,,27.7,181.8,1013.8,56.5,10,,,0,,2017-12-31T06:35:55,2017-12-31T20:55:29,0.48,Partially cloudy,Partly cloudy throughout the day.,partly-cloudy-day,"SCEL,85577099999,85574099999"
